date,election,state,seat,ballot_order,candidate_uid,name_on_ballot,party_on_ballot,party_uid,party,coalition_uid,coalition,votes,votes_perc,rank,result
1957-10-26,BY-ELECTION,Perak,P.011 Sungei Perak Ulu,1,14459,Haji Meor Shamsudin bin Haji Meor Yahya,PERIKATAN,001-UMNO,UMNO,1,PERIKATAN,12795,69.36463189851459,1,won
1957-10-26,BY-ELECTION,Perak,P.011 Sungei Perak Ulu,2,145,Md. Sharif bin Babul,PR,009-PR,PR,0,ALONE,5651,30.635368101485415,2,lost
1957-11-23,BY-ELECTION,Perak,P.014 Ipoh and Menglembu,1,36,D. R. Seenivasagam,PPP,006-PPP,PPP,0,ALONE,5911,59.09818036392721,1,won
1957-11-23,BY-ELECTION,Perak,P.014 Ipoh and Menglembu,2,14460,Yap Yin Fah,PERIKATAN,001-UMNO,UMNO,1,PERIKATAN,4091,40.90181963607279,2,lost
1957-12-14,BY-ELECTION,Johor,P.034 Batu Pahat,1,1001,Abdul Ghani bin Hashim,PR,009-PR,PR,0,ALONE,1377,7.183098591549296,3,lost_deposit
1957-12-14,BY-ELECTION,Johor,P.034 Batu Pahat,2,81,Dato' Onn,NEG,008-NEG,NEG,0,ALONE,5614,29.285341679707876,2,lost
1957-12-14,BY-ELECTION,Johor,P.034 Batu Pahat,3,335,Syed Esa bin Alwee,PERIKATAN,001-UMNO,UMNO,1,PERIKATAN,12179,63.53155972874283,1,won
1959-11-23,BY-ELECTION,Johor,N.05 Plentong,1,1045,Datin Fatimah binte Hj. A. Majid,PERIKATAN,001-UMNO,UMNO,1,PERIKATAN,3934,70.90843547224225,1,won
1959-11-23,BY-ELECTION,Johor,N.05 Plentong,2,1024,Mohd. Zain bin Mohamed,LPM,005-LPM,LPM,2,SF,1614,29.09156452775775,2,lost
1960-05-18,BY-ELECTION,Perak,P.032 Kampar,1,25,Ustaz Abdul Wahab bin Haji Mohd. Noor,PAS,004-PAS,PAS,0,ALONE,1509,6.816333905501852,3,lost_deposit
1960-05-18,BY-ELECTION,Perak,P.032 Kampar,2,247,Chan Yoon Onn,PPP,006-PPP,PPP,0,ALONE,11314,51.106694371668624,1,won
1960-05-18,BY-ELECTION,Perak,P.032 Kampar,3,736,Liew Whye Hone,PERIKATAN,003-MCA,MCA,1,PERIKATAN,9315,42.076971722829526,2,lost
1960-05-22,BY-ELECTION,Johor,N.15 Sri Lalang,1,14461,Ong Kai Beng,PERIKATAN,003-MCA,MCA,1,PERIKATAN,3157,56.526410026857654,1,won
1960-05-22,BY-ELECTION,Johor,N.15 Sri Lalang,2,1024,Mohd. Zain bin Mohd.,LPM,005-LPM,LPM,2,SF,2428,43.473589973142346,2,lost
1960-06-08,BY-ELECTION,Perak,N.17 Grik,1,1799,Haji Din bin Haji Jusoh,PERIKATAN,001-UMNO,UMNO,1,PERIKATAN,4195,60.95611740773032,1,won
1960-06-08,BY-ELECTION,Perak,N.17 Grik,2,683,Huin Swee Leong,PPP,006-PPP,PPP,0,ALONE,1691,24.571345539087474,2,lost
1960-06-08,BY-ELECTION,Perak,N.17 Grik,3,14462,Ahmad Yusof bin Md. Ali,PAS,004-PAS,PAS,0,ALONE,996,14.472537053182213,3,lost
1960-12-29,BY-ELECTION,Melaka,N.02 Kota Tengah,1,317,Yeoh Ho Huat,SF,005-LPM,LPM,2,SF,1397,40.504494056248184,2,lost
1960-12-29,BY-ELECTION,Melaka,N.02 Kota Tengah,2,14463,Khoo Chua,PERIKATAN,003-MCA,MCA,1,PERIKATAN,1465,42.47608002319513,1,won
1960-12-29,BY-ELECTION,Melaka,N.02 Kota Tengah,3,14464,Chen Ju Li,MP,011-MP,MP,0,ALONE,587,17.01942592055668,3,lost
1961-05-30,BY-ELECTION,Perak,P.026 Telok Anson,1,755,Mak Fie Hoong,BEBAS,000-BEBAS,BEBAS,0,ALONE,274,1.3045134260140927,3,lost_deposit
1961-05-30,BY-ELECTION,Perak,P.026 Telok Anson,2,42,Too Joon Hing,BEBAS,000-BEBAS,BEBAS,0,ALONE,11943,56.860597981336895,1,won
1961-05-30,BY-ELECTION,Perak,P.026 Telok Anson,3,768,Wah Keng Jooi,PERIKATAN,003-MCA,MCA,1,PERIKATAN,8787,41.834888592649015,2,lost
1961-06-24,BY-ELECTION,Johor,N.17 Pontian Kechil,1,14465,Bajuri bin Mohd. Sirat,BEBAS,000-BEBAS,BEBAS,0,ALONE,258,2.970639032815199,4,lost_deposit
1961-06-24,BY-ELECTION,Johor,N.17 Pontian Kechil,2,14521,A. Rahman bin Mohd. Amin,PERIKATAN,001-UMNO,UMNO,1,PERIKATAN,4878,56.16580310880829,1,won
1961-06-24,BY-ELECTION,Johor,N.17 Pontian Kechil,3,1033,Ah Tiam,BEBAS,000-BEBAS,BEBAS,0,ALONE,3068,35.32527345998849,2,lost
1961-06-24,BY-ELECTION,Johor,N.17 Pontian Kechil,4,1038,Hj. Omar bin Hj. Abdullah,BEBAS,000-BEBAS,BEBAS,0,ALONE,481,5.538284398388026,3,lost_deposit
1962-02-03,BY-ELECTION,Negeri Sembilan,N.18 Gemas,1,14520,Goh Poh Tah,PERIKATAN,003-MCA,MCA,1,PERIKATAN,2058,59.79081929110982,1,won
1962-02-03,BY-ELECTION,Negeri Sembilan,N.18 Gemas,2,1190,Tan Beng Soo @ Tan Beng Kiat,LPM,005-LPM,LPM,2,SF,1384,40.20918070889018,2,lost
1962-03-19,BY-ELECTION,Terengganu,P.099 Kuala Trengganu Selatan,1,593,Tengku Shahadan bin Tengku Abdul Majid,PAS,004-PAS,PAS,0,ALONE,889,6.653195629396796,3,lost_deposit
1962-03-19,BY-ELECTION,Terengganu,P.099 Kuala Trengganu Selatan,2,340,S. Garieb bin Abdul Raouf,NEG,008-NEG,NEG,0,ALONE,5198,38.901362071546174,2,lost
1962-03-19,BY-ELECTION,Terengganu,P.099 Kuala Trengganu Selatan,3,183,Ismail bin Haji Kassim,PERIKATAN,001-UMNO,UMNO,1,PERIKATAN,7275,54.44544229905702,1,won
1962-06-02,BY-ELECTION,Kelantan,N.18 Rantau Panjang,1,1281,Ahmad bin Yatim,PAS,004-PAS,PAS,0,ALONE,2530,63.10800698428536,1,won
1962-06-02,BY-ELECTION,Kelantan,N.18 Rantau Panjang,2,493,Nik Yusoff bin Nik Lodin,PERIKATAN,001-UMNO,UMNO,1,PERIKATAN,1479,36.89199301571464,2,lost
1962-10-20,BY-ELECTION,Pahang,P.053 Lipis,1,14522,Hussin bin Hijau,PAS,004-PAS,PAS,0,ALONE,3166,16.615061663605353,3,lost
1962-10-20,BY-ELECTION,Pahang,P.053 Lipis,2,1160,A. Razak bin Hussin,PERIKATAN,001-UMNO,UMNO,1,PERIKATAN,12191,63.97795854106534,1,won
1962-10-20,BY-ELECTION,Pahang,P.053 Lipis,3,289,Mohd. Nazar bin Nong,SF,009-PR,PR,2,SF,3698,19.40697979532931,2,lost
1963-01-12,BY-ELECTION,Selangor,N.21 Port Swettenham,1,14523,Adnan bin Chik,PERIKATAN,001-UMNO,UMNO,1,PERIKATAN,5300,62.09724663151728,1,won
1963-01-12,BY-ELECTION,Selangor,N.21 Port Swettenham,2,1532,M. Nadarajah,SF,009-PR,PR,2,SF,1909,22.36672524897481,2,lost
1963-01-12,BY-ELECTION,Selangor,N.21 Port Swettenham,3,274,R. Madhavan,PPP,006-PPP,PPP,0,ALONE,1326,15.536028119507908,3,lost
1963-03-30,BY-ELECTION,Pahang,N.23 Pahang Tua,1,1487,M. Mokhtar Bin Hj. M. Daud,PERIKATAN,001-UMNO,UMNO,1,PERIKATAN,4101,80.06638032018742,1,won
1963-03-30,BY-ELECTION,Pahang,N.23 Pahang Tua,2,809,Abdul Hamid bin Awang Hitam,PAS,004-PAS,PAS,0,ALONE,810,15.814135103475206,2,lost
1963-03-30,BY-ELECTION,Pahang,N.23 Pahang Tua,3,810,T. Hj. Jaafar Bin T. Muda Ali,LPM,005-LPM,LPM,2,SF,211,4.119484576337369,3,lost_deposit
1963-09-07,BY-ELECTION,Selangor,N.23 Telok Datoh,1,1538,Hormat bin Rafei,PERIKATAN,001-UMNO,UMNO,1,PERIKATAN,3699,51.93036641864383,1,won
1963-09-07,BY-ELECTION,Selangor,N.23 Telok Datoh,2,55,Othman bin Abdullah,BEBAS,000-BEBAS,BEBAS,0,ALONE,1919,26.94089569001825,2,lost
1963-09-07,BY-ELECTION,Selangor,N.23 Telok Datoh,3,875,Ali bin Hj. Salleh,PAS,004-PAS,PAS,0,ALONE,1505,21.12873789133792,3,lost
1963-12-14,BY-ELECTION,Pulau Pinang,N.23 Balik Pulau,1,14524,Oh Siew Aun,UDP,016-UDP,UDP,0,ALONE,411,7.93130065611733,3,lost_deposit
1963-12-14,BY-ELECTION,Pulau Pinang,N.23 Balik Pulau,2,1364,Abu Bakar b. Hashim,SF,009-PR,PR,2,SF,2370,45.735237360092626,2,lost
1963-12-14,BY-ELECTION,Pulau Pinang,N.23 Balik Pulau,3,1365,Hj. Ahmad b. M. Taib,PERIKATAN,001-UMNO,UMNO,1,PERIKATAN,2401,46.333461983790045,1,won
1963-12-28,BY-ELECTION,Johor,P.069 Muar Selatan,1,1201,Dr Awang bin Hassan,PERIKATAN,001-UMNO,UMNO,1,PERIKATAN,17104,86.81792802395817,1,won
1963-12-28,BY-ELECTION,Johor,P.069 Muar Selatan,2,14525,Hasim bin Israkal,PAS,004-PAS,PAS,0,ALONE,2597,13.182071976041826,2,lost
1964-06-27,BY-ELECTION,Kelantan,P.019 Bachok,1,14526,Ab. Ghani bin Sulaiman,PERIKATAN,001-UMNO,UMNO,1,PERIKATAN,8661,42.123437575993385,2,lost
1964-06-27,BY-ELECTION,Kelantan,P.019 Bachok,2,131,Abu Bakar bin Hamzah,PAS,004-PAS,PAS,0,ALONE,11900,57.876562424006615,1,won
1964-09-26,BY-ELECTION,Pahang,N.21 Jelai,1,2186,Abu Samah bin Idris,PERIKATAN,001-UMNO,UMNO,1,PERIKATAN,3338,81.21654501216545,1,won
1964-09-26,BY-ELECTION,Pahang,N.21 Jelai,2,1503,Solahuddin bin Mohd. Ali,PAS,004-PAS,PAS,0,ALONE,772,18.78345498783455,2,lost
1964-10-10,BY-ELECTION,Kelantan,N.02 Tumpat Tengah,1,2028,Che Lat bin Kassim,PERIKATAN,001-UMNO,UMNO,1,PERIKATAN,4487,62.052274927395935,1,won
1964-10-10,BY-ELECTION,Kelantan,N.02 Tumpat Tengah,2,14527,Ismail Mat Diah,PAS,004-PAS,PAS,0,ALONE,2744,37.947725072604065,2,lost
1964-10-31,BY-ELECTION,Pulau Pinang,P.033 Seberang Selatan,1,195,V. Veerappen,SF,005-LPM,LPM,2,SF,7296,43.96769916837411,2,lost
1964-10-31,BY-ELECTION,Pulau Pinang,P.033 Seberang Selatan,2,1792,Snawi Ismail,PERIKATAN,001-UMNO,UMNO,1,PERIKATAN,9298,56.03230083162589,1,won
1965-08-19,BY-ELECTION,Kedah,N.01 Jitra,1,385,Abu Bakar Umar,PAS,004-PAS,PAS,0,ALONE,3495,32.385100074128985,2,lost
1965-08-19,BY-ELECTION,Kedah,N.01 Jitra,2,14528,Md. Zain bin L. Ahmad,PERIKATAN,001-UMNO,UMNO,1,PERIKATAN,7297,67.61489992587101,1,won
1965-11-06,BY-ELECTION,Pulau Pinang,N.11 Ayer Itam,1,2100,Tan Gim Hwa,UDP,016-UDP,UDP,0,ALONE,2683,33.613129541468304,2,lost
1965-11-06,BY-ELECTION,Pulau Pinang,N.11 Ayer Itam,2,1117,Choong Ewe Leong,PERIKATAN,003-MCA,MCA,1,PERIKATAN,2463,30.856928088198448,3,lost
1965-11-06,BY-ELECTION,Pulau Pinang,N.11 Ayer Itam,3,208,Lim Kean Siew,PSRM,009-PSRM,PSRM,2,SF,2836,35.52994237033325,1,won
1965-12-11,BY-ELECTION,Negeri Sembilan,N.07 Rahang,1,2253,Kan Kok Kwan,PERIKATAN,003-MCA,MCA,1,PERIKATAN,2038,29.773557341124906,2,lost
1965-12-11,BY-ELECTION,Negeri Sembilan,N.07 Rahang,2,1560,Yim Chee Chong,PSRM,009-PSRM,PSRM,0,ALONE,1231,17.983929875821765,3,lost
1965-12-11,BY-ELECTION,Negeri Sembilan,N.07 Rahang,3,1846,Chen Man Hin,BEBAS,000-BEBAS,BEBAS,0,ALONE,3576,52.24251278305332,1,won
1966-03-12,BY-ELECTION,Perak,P.041 Krian Laut,1,1801,Sulaiman bin Hj. Taib,PERIKATAN,001-UMNO,UMNO,1,PERIKATAN,11206,56.912138141188414,1,won
1966-03-12,BY-ELECTION,Perak,P.041 Krian Laut,2,699,Baharudin bin Hj. Abdul Latif,PAS,004-PAS,PAS,0,ALONE,8484,43.08786185881158,2,lost
1966-03-19,BY-ELECTION,Melaka,N.11 Sungei Bahru,1,322,Haji Mohd. Taha bin Kalu,PAS,004-PAS,PAS,0,ALONE,1062,18.585929296464823,2,lost
1966-03-19,BY-ELECTION,Melaka,N.11 Sungei Bahru,2,1617,Haji Mohamed Din bin Daud,PSRM,009-PSRM,PSRM,0,ALONE,493,8.627931396569828,3,lost_deposit
1966-03-19,BY-ELECTION,Melaka,N.11 Sungei Bahru,3,2278,Abdullah bin Samad,PERIKATAN,001-UMNO,UMNO,1,PERIKATAN,4159,72.78613930696535,1,won
1966-06-04,BY-ELECTION,Perak,P.048 Bruas,1,1811,Chew Biow Chuon,PERIKATAN,003-MCA,MCA,1,PERIKATAN,9464,49.17129942328675,1,won
1966-06-04,BY-ELECTION,Perak,P.048 Bruas,2,728,Abdul Rahim Mat Salleh,PAS,004-PAS,PAS,0,ALONE,3357,17.441679222736013,3,lost
1966-06-04,BY-ELECTION,Perak,P.048 Bruas,3,239,Wong Kok Weng,PPP,006-PPP,PPP,0,ALONE,6426,33.38702135397724,2,lost
1967-01-07,BY-ELECTION,Selangor,N.16 Kampong Bahru,1,2203,Ahmad Razali bin Mohd. Ali,PERIKATAN,001-UMNO,UMNO,1,PERIKATAN,3816,61.79757085020243,1,won
1967-01-07,BY-ELECTION,Selangor,N.16 Kampong Bahru,2,14530,Khoo Heng Hock,DAP,021-DAP,DAP,0,ALONE,1577,25.538461538461537,2,lost
1967-01-07,BY-ELECTION,Selangor,N.16 Kampong Bahru,3,2645,Pang Kuit My @ Pang Ting My,LPM,005-LPM,LPM,2,SF,782,12.663967611336032,3,lost
1967-08-14,BY-ELECTION,Pahang,P.059 Raub,1,1824,Hamzah Abu Samah,PERIKATAN,001-UMNO,UMNO,1,PERIKATAN,0,,1,won_uncontested
1967-08-19,BY-ELECTION,Kelantan,P.021 Pasir Mas Hulu,1,1089,Hussein Ahmad,PERIKATAN,001-UMNO,UMNO,1,PERIKATAN,6931,41.59265482477196,2,lost
1967-08-19,BY-ELECTION,Kelantan,P.021 Pasir Mas Hulu,2,1783,Tengku Zaid,PAS,004-PAS,PAS,0,ALONE,9733,58.40734517522803,1,won
1967-09-30,BY-ELECTION,Johor,N.26 Tampoi,1,2317,Elias Bin Udin,PERIKATAN,001-UMNO,UMNO,1,PERIKATAN,5433,61.73863636363637,1,won
1967-09-30,BY-ELECTION,Johor,N.26 Tampoi,2,1870,Daing Ibrahim Bin Othman,DAP,021-DAP,DAP,0,ALONE,3367,38.26136363636364,2,lost
1967-10-21,BY-ELECTION,Kelantan,P.016 Kelantan Hilir,1,2031,Tengku Noor Asiah binti Tengku Ahmad,PERIKATAN,001-UMNO,UMNO,1,PERIKATAN,8596,42.032174465796295,2,lost
1967-10-21,BY-ELECTION,Kelantan,P.016 Kelantan Hilir,2,1777,Nik Abdul Aziz bin Nik Mat,PAS,004-PAS,PAS,0,ALONE,11855,57.96782553420371,1,won
1968-01-27,BY-ELECTION,Kedah,N.18 Baling Barat,1,424,Haji Mohamed Romli bin Abdullah,PAS,004-PAS,PAS,0,ALONE,4574,42.608290638099675,2,lost
1968-01-27,BY-ELECTION,Kedah,N.18 Baling Barat,2,14531,Haji Mohamed Zain bin Yusof,PERIKATAN,001-UMNO,UMNO,1,PERIKATAN,6161,57.391709361900325,1,won
1968-04-06,BY-ELECTION,Kelantan,N.13 Bachok Utara,1,2040,Ismail bin Haji Mamat,PERIKATAN,001-UMNO,UMNO,1,PERIKATAN,3997,47.20680288177631,2,lost
1968-04-06,BY-ELECTION,Kelantan,N.13 Bachok Utara,2,14532,Hj. Mohd. Noor bin Ismail,PAS,004-PAS,PAS,0,ALONE,4470,52.79319711822369,1,won
1968-06-12,BY-ELECTION,Sabah,N.21 Ranau,1,1728,Mohamed Yassin Hashim,USNO,014-USNO,USNO,1,PERIKATAN,0,,1,won_uncontested
1968-09-07,BY-ELECTION,Johor,N.01 Bukit Serampang,1,2291,Abd. Rahman Bin Mahmud,PERIKATAN,001-UMNO,UMNO,1,PERIKATAN,7918,83.09371392591038,1,won
1968-09-07,BY-ELECTION,Johor,N.01 Bukit Serampang,2,14533,Abd. Rahman Bin Ali,PAS,004-PAS,PAS,0,ALONE,1611,16.90628607408962,2,lost
1968-10-19,BY-ELECTION,Johor,P.103 Segamat Utara,1,1871,Musa bin Hitam,PERIKATAN,001-UMNO,UMNO,1,PERIKATAN,9485,62.335699263932696,1,won
1968-10-19,BY-ELECTION,Johor,P.103 Segamat Utara,2,1868,Lee Ah Meng,DAP,021-DAP,DAP,0,ALONE,5731,37.6643007360673,2,lost
1968-11-11,BY-ELECTION,Pahang,P.061 Kuantan,1,1825,Mohamed Taib,PERIKATAN,001-UMNO,UMNO,1,PERIKATAN,0,,1,won_uncontested
1968-11-30,BY-ELECTION,Kedah,N.12 Padang,1,2011,Soffian bin Haji Abdul Aziz,PAS,004-PAS,PAS,0,ALONE,5687,47.05444315737217,2,lost
1968-11-30,BY-ELECTION,Kedah,N.12 Padang,2,2010,Abdul Manaf bin Abdullah,PERIKATAN,001-UMNO,UMNO,1,PERIKATAN,6399,52.94555684262784,1,won
1968-12-28,BY-ELECTION,Selangor,N.17 Serdang,1,2207,Thuan Paik Phok,PERIKATAN,003-MCA,MCA,1,PERIKATAN,6535,47.37910534329007,1,won
1968-12-28,BY-ELECTION,Selangor,N.17 Serdang,2,1854,Lim Kit Siang,DAP,021-DAP,DAP,0,ALONE,5928,42.97832233741753,2,lost
1968-12-28,BY-ELECTION,Selangor,N.17 Serdang,3,14529,Tan Har Swee,GERAKAN,026-GERAKAN,GERAKAN,0,ALONE,1330,9.642572319292395,3,lost_deposit
1971-04-03,BY-ELECTION,Selangor,P.067 Kapar,1,4603,Jais bin Fathur Rahman,PAS,004-PAS,PAS,0,ALONE,3552,22.387495272910627,2,lost
1971-04-03,BY-ELECTION,Selangor,P.067 Kapar,2,14534,Mohamed Tahir bin Hj. Abdul Manan,PERIKATAN,001-UMNO,UMNO,1,PERIKATAN,12314,77.61250472708937,1,won
1971-05-15,BY-ELECTION,Johor,N.04 Bekok,1,2297,Chian Heng Kai,DAP,021-DAP,DAP,0,ALONE,3667,41.26716182759397,2,lost
1971-05-15,BY-ELECTION,Johor,N.04 Bekok,2,3199,Ng Nam Seng,PERIKATAN,003-MCA,MCA,1,PERIKATAN,5219,58.73283817240603,1,won
1971-05-22,BY-ELECTION,Kedah,N.16 Yen-Merbok,1,2741,Ahmad Awang,PAS,004-PAS,PAS,0,ALONE,3116,29.541145240803946,2,lost
1971-05-22,BY-ELECTION,Kedah,N.16 Yen-Merbok,2,14535,Puteh bin Mat,GERAKAN,026-GERAKAN,GERAKAN,0,ALONE,470,4.455821008722033,3,lost_deposit
1971-05-22,BY-ELECTION,Kedah,N.16 Yen-Merbok,3,14536,Abdullah Affendi,PERIKATAN,001-UMNO,UMNO,1,PERIKATAN,6962,66.00303375047403,1,won
1971-07-17,BY-ELECTION,Sarawak,N.38 Pelagus,1,2709,Leonard Linggi anak Jugah,PESAKA,018-PESAKA,PESAKA,0,ALONE,1676,48.565633149811646,1,won
1971-07-17,BY-ELECTION,Sarawak,N.38 Pelagus,2,14537,Pengarah Sibat anak Buyong,SNAP,015-SNAP,SNAP,0,ALONE,159,4.6073601854534925,4,lost_deposit
1971-07-17,BY-ELECTION,Sarawak,N.38 Pelagus,3,2491,Wesley Ajan Nabau,PERIKATAN,013-SUPP,SUPP,1,PERIKATAN,1445,41.87192118226601,2,lost
1971-07-17,BY-ELECTION,Sarawak,N.38 Pelagus,4,14538,T. Rh. Mancha anak Empalang,BEBAS,000-BEBAS,BEBAS,0,ALONE,171,4.955085482468849,3,lost_deposit
1971-08-21,BY-ELECTION,Terengganu,N.06 Batu Rakit,1,2063,Ustaz Awang bin Abu Bakar,PAS,004-PAS,PAS,0,ALONE,1529,26.312166580622957,2,lost
1971-08-21,BY-ELECTION,Terengganu,N.06 Batu Rakit,2,2571,Dato' Haji Nik Hassan,PERIKATAN,001-UMNO,UMNO,1,PERIKATAN,4282,73.68783341937704,1,won
1971-08-28,BY-ELECTION,Kedah,N.21 Sidam,1,2014,A. Rahman bin Ibrahim,PAS,004-PAS,PAS,0,ALONE,3095,36.5493623051488,2,lost
1971-08-28,BY-ELECTION,Kedah,N.21 Sidam,2,1258,Haji Yassin bin Ibrahim,PERIKATAN,001-UMNO,UMNO,1,PERIKATAN,5373,63.45063769485121,1,won
1971-10-14,BY-ELECTION,Sarawak,P.121 Bau-Lundu,1,3979,Robert Jacob Ridu,BEBAS,000-BEBAS,BEBAS,0,ALONE,424,4.825310117218618,3,lost_deposit
1971-10-14,BY-ELECTION,Sarawak,P.121 Bau-Lundu,2,2690,Valentine Cotter @ Joseph Valentine Cotter,SUPP,015-SNAP,SNAP,0,ALONE,4651,52.930465460339136,1,won
1971-10-14,BY-ELECTION,Sarawak,P.121 Bau-Lundu,3,1890,Lee Nyan Chooi,SNAP,015-SNAP,SNAP,0,ALONE,3712,42.244224422442244,2,lost
1971-12-13,BY-ELECTION,Pulau Pinang,N.22 Muda,1,14603,Salleh bin Said,PAS,004-PAS,PAS,0,ALONE,3397,36.811876896402254,2,lost
1971-12-13,BY-ELECTION,Pulau Pinang,N.22 Muda,2,14602,Haji Abdul Kadir bin Haji Hassan,PERIKATAN,001-UMNO,UMNO,1,PERIKATAN,5831,63.188123103597746,1,won
1972-02-26,BY-ELECTION,Kelantan,N.01 Tumpat Barat,1,14604,Hj. Mohamad bin Hj. Samat,PERIKATAN,001-UMNO,UMNO,1,PERIKATAN,3250,46.71553830674141,2,lost
1972-02-26,BY-ELECTION,Kelantan,N.01 Tumpat Barat,2,5312,Che Ismail bin Che Ali,PAS,004-PAS,PAS,1,PERIKATAN,3707,53.28446169325859,1,won
1972-04-08,BY-ELECTION,Pahang,P.064 Lipis,1,2624,Tan Sri Ghazali Shafie,PERIKATAN,001-UMNO,UMNO,1,PERIKATAN,15702,81.32801574558451,1,won
1972-04-08,BY-ELECTION,Pahang,P.064 Lipis,2,1827,Tengku Kamarulzaman bin Tengku Abdul Hamid,PAS,004-PAS,PAS,1,PERIKATAN,3605,18.6719842544155,2,lost
1972-06-03,BY-ELECTION,Selangor,P.078 Ulu Selangor,1,2631,Lau Dak Kee,DAP,021-DAP,DAP,0,ALONE,5439,32.9816263416409,2,lost
1972-06-03,BY-ELECTION,Selangor,P.078 Ulu Selangor,2,1840,Chen Wing Sum,PERIKATAN,003-MCA,MCA,1,PERIKATAN,11052,67.01837365835911,1,won
1972-07-08,BY-ELECTION,Negeri Sembilan,P.081 Rembau-Tampin,1,2667,Mokhtar bin Hasim,PERIKATAN,001-UMNO,UMNO,1,PERIKATAN,13228,63.81398041391287,1,won
1972-07-08,BY-ELECTION,Negeri Sembilan,P.081 Rembau-Tampin,2,14539,Tengku Jaril bin Tengku Sulaiman,PAS,004-PAS,PAS,1,PERIKATAN,4018,19.383472429929085,2,lost
1972-07-08,BY-ELECTION,Negeri Sembilan,P.081 Rembau-Tampin,3,1566,Mohd. Shariff bin Hj Harun,DAP,021-DAP,DAP,0,ALONE,3483,16.80254715615804,3,lost
1973-01-20,BY-ELECTION,Kedah,P.007 Kuala Kedah,1,2569,Siti Nor binti Abdul Hamid Tuah,BEBAS,000-BEBAS,BEBAS,0,ALONE,10410,38.72623786317473,2,lost
1973-01-20,BY-ELECTION,Kedah,P.007 Kuala Kedah,2,1065,Senu bin Abdul Rahman,PERIKATAN,001-UMNO,UMNO,1,PERIKATAN,16471,61.27376213682527,1,won
1973-01-27,BY-ELECTION,Sarawak,N.07 Sebandi,1,2692,Dr. Sulaiman Haji Daud,PERIKATAN,029-PBB,PBB,1,PERIKATAN,4324,72.954277037287,1,won
1973-01-27,BY-ELECTION,Sarawak,N.07 Sebandi,2,4732,Bujang bin Bakar,SNAP,015-SNAP,SNAP,0,ALONE,661,11.152353635903491,3,lost_deposit
1973-01-27,BY-ELECTION,Sarawak,N.07 Sebandi,3,1900,Wazir Mohamad Khan,BEBAS,000-BEBAS,BEBAS,0,ALONE,942,15.893369326809514,2,lost
1973-02-10,BY-ELECTION,Kelantan,N.12 Kota Bharu Tengah,1,14540,Nik Mohd Zin bin Nik Mohd Min,PSRM,009-PSRM,PSRM,0,ALONE,439,6.05183347118831,3,lost_deposit
1973-02-10,BY-ELECTION,Kelantan,N.12 Kota Bharu Tengah,2,14541,Mohd. Nordin Hj Ahmad Tok Kenali,BEBAS,000-BEBAS,BEBAS,0,ALONE,2149,29.625034463744143,2,lost
1973-02-10,BY-ELECTION,Kelantan,N.12 Kota Bharu Tengah,3,1097,Salahuddin Abdullah,PAS,004-PAS,PAS,1,PERIKATAN,4666,64.32313206506754,1,won
1973-08-04,BY-ELECTION,Sabah,N.24 Elopura,1,14542,Ngui Tet Loi,PERIKATAN,017-SCA-SBH,SCA,1,PERIKATAN,0,,1,won_uncontested
1973-09-08,BY-ELECTION,Johor,P.102 Johore Timor,1,14543,Abdul Rahman Sabri,PERIKATAN,001-UMNO,UMNO,1,PERIKATAN,0,,1,won_uncontested
1973-10-22,BY-ELECTION,Johor,N.16 Johore Lama,1,3211,Yusof bin Malim Kuning @ Abdul Rahman bin Mohd. Jani,PERIKATAN,001-UMNO,UMNO,1,PERIKATAN,0,,1,won_uncontested
1973-11-03,BY-ELECTION,Selangor,N.09 Kajang,1,14544,Azainuddin Karim,PEKEMAS,028-PEKEMAS,PEKEMAS,0,ALONE,2371,22.765242438790207,2,lost
1973-11-03,BY-ELECTION,Selangor,N.09 Kajang,2,3092,Mohd. Azmir bin Dato' Haji Mohd. Nazir,PERIKATAN,001-UMNO,UMNO,1,PERIKATAN,6481,62.22755640902544,1,won
1973-11-03,BY-ELECTION,Selangor,N.09 Kajang,3,2640,Mohd. Yunus bin Said,DAP,021-DAP,DAP,0,ALONE,1563,15.007201152184349,3,lost
1973-11-17,BY-ELECTION,Terengganu,N.07 Kuala Nerus,1,2828,Abdul Rashid bin Ngah,PERIKATAN,001-UMNO,UMNO,1,PERIKATAN,4154,67.0432537120723,1,won
1973-11-17,BY-ELECTION,Terengganu,N.07 Kuala Nerus,2,2572,Mukhtar b. Haji Abdul Rahim,PSRM,009-PSRM,PSRM,0,ALONE,2042,32.95674628792769,2,lost
1973-12-15,BY-ELECTION,Sarawak,N.03 Kuching Barat,1,2693,Jerry Martin,SNAP,015-SNAP,SNAP,0,ALONE,2596,31.47811325330423,2,lost
1973-12-15,BY-ELECTION,Sarawak,N.03 Kuching Barat,2,3220,Abang Abu Bakar bin Datu Bandar Abang Haji Mustapha,PERIKATAN,029-PBB,PBB,1,PERIKATAN,5651,68.52188674669577,1,won
1974-01-01,BY-ELECTION,Sarawak,N.17 Engkilili-Skrang,1,3242,Alfred Jabu Numpang,PESAKA,018-PESAKA,PESAKA,0,ALONE,0,,1,won_uncontested
1974-01-12,BY-ELECTION,Sarawak,P.135 Rajang,1,2704,Jawan Empaling,BN,013-SUPP,SUPP,1,BN,3951,54.738154613466335,1,won
1974-01-12,BY-ELECTION,Sarawak,P.135 Rajang,2,2449,CR. Sandah ak Penghulu Jarau,SNAP,015-SNAP,SNAP,0,ALONE,3267,45.261845386533665,2,lost
1974-03-09,BY-ELECTION,Kelantan,N.23 Pasir Puteh Tengah,1,1288,Raja Mahmud bin Raja Mamat,BN,001-UMNO,UMNO,1,BN,4477,54.945999018163974,1,won
1974-03-09,BY-ELECTION,Kelantan,N.23 Pasir Puteh Tengah,2,2566,Cikgu Musa [Musa Salleh],BEBAS,000-BEBAS,BEBAS,0,ALONE,2806,34.43789887088856,2,lost
1974-03-09,BY-ELECTION,Kelantan,N.23 Pasir Puteh Tengah,3,14545,Yaakub bin Ab. Rahman,PSRM,009-PSRM,PSRM,0,ALONE,865,10.616102110947471,3,lost_deposit
1974-04-06,BY-ELECTION,Perlis,N.04 Bandar Kangar,1,2545,Saad bin Man,PSRM,009-PSRM,PSRM,0,ALONE,760,35.31598513011153,2,lost
1974-04-06,BY-ELECTION,Perlis,N.04 Bandar Kangar,2,14546,Kam Sin Chuan,BEBAS,000-BEBAS,BEBAS,0,ALONE,8,0.37174721189591076,4,lost_deposit
1974-04-06,BY-ELECTION,Perlis,N.04 Bandar Kangar,3,14547,Abdul Rahim bin Abdul Rahman @ Abdul Rahim bin Abdul Hamid,BEBAS,000-BEBAS,BEBAS,0,ALONE,25,1.161710037174721,3,lost_deposit
1974-04-06,BY-ELECTION,Perlis,N.04 Bandar Kangar,4,2720,Tan Thean Choo,BN,003-MCA,MCA,1,BN,1359,63.15055762081785,1,won
1974-05-18,BY-ELECTION,Melaka,N.11 Sungei Bahru,1,14548,Johari bin Yusof,BN,001-UMNO,UMNO,1,BN,4568,77.24044639837673,1,won
1974-05-18,BY-ELECTION,Melaka,N.11 Sungei Bahru,2,2279,Ab. Ghani bin Long,PEKEMAS,028-PEKEMAS,PEKEMAS,0,ALONE,1346,22.759553601623267,2,lost
1974-06-15,BY-ELECTION,Johor,N.06 Parit Bakar,1,14549,Mohd. Yusof Wahab,BEBAS,000-BEBAS,BEBAS,0,ALONE,839,10.098700048146366,2,lost_deposit
1974-06-15,BY-ELECTION,Johor,N.06 Parit Bakar,2,3207,Mohamed Zin Maidin,BN,001-UMNO,UMNO,1,BN,7469,89.90129995185363,1,won
1974-12-18,BY-ELECTION,Perak,N.07 Alor Pongsu,1,3713,Mohamed bin Abas,BN,001-UMNO,UMNO,3,BN,7727,67.66792188457833,1,won
1974-12-18,BY-ELECTION,Perak,N.07 Alor Pongsu,2,2952,Che Rose bin Haji Abdullah,DAP,021-DAP,DAP,0,ALONE,3415,29.906296523338295,2,lost
1974-12-18,BY-ELECTION,Perak,N.07 Alor Pongsu,3,1124,Asri bin Yusof,KITA,031-KITA,KITA,0,ALONE,277,2.42578159208337,3,lost_deposit
1975-04-12,BY-ELECTION,Kedah,N.20 Merbok,1,2733,Hashim bin Haji Osman,BN,001-UMNO,UMNO,3,BN,5418,49.6563101457245,1,won
1975-04-12,BY-ELECTION,Kedah,N.20 Merbok,2,1768,Kassim @ Osman bin Ahmad,PSRM,009-PSRM,PSRM,0,ALONE,5282,48.40986160755201,2,lost
1975-04-12,BY-ELECTION,Kedah,N.20 Merbok,3,4174,Ismail bin Man,BEBAS,000-BEBAS,BEBAS,0,ALONE,211,1.9338282467234902,3,lost_deposit
1975-06-14,BY-ELECTION,Selangor,P.077 Selayang,1,3499,Chow Poh Kheng,BN,003-MCA,MCA,3,BN,19338,70.9573257989946,1,won
1975-06-14,BY-ELECTION,Selangor,P.077 Selayang,2,3119,Idrus bin Idris,DAP,021-DAP,DAP,0,ALONE,7434,27.27773089201189,2,lost
1975-06-14,BY-ELECTION,Selangor,P.077 Selayang,3,14550,Ismail bin Man,BEBAS,000-BEBAS,BEBAS,0,ALONE,481,1.7649433089935052,3,lost_deposit
1975-07-09,BY-ELECTION,Sabah,N.19 Keningau,1,1733,R. M. Jasni,USNO,014-USNO,USNO,1,PERIKATAN,0,,1,won_uncontested
1975-12-10,BY-ELECTION,Sabah,N.15 Labuan,1,3337,Mohamed bin Omar Beldram,USNO,014-USNO,USNO,1,PERIKATAN,3299,59.58100054180965,1,won
1975-12-10,BY-ELECTION,Sabah,N.15 Labuan,2,4081,M. A. Rahman,PEKEMAS,028-PEKEMAS,PEKEMAS,0,ALONE,27,0.4876286797905003,3,lost_deposit
1975-12-10,BY-ELECTION,Sabah,N.15 Labuan,3,1731,Harris bin Mohd. Salleh,BERJAYA,034-BERJAYA,BERJAYA,0,ALONE,2211,39.93137077839985,2,lost
1975-12-10,BY-ELECTION,Sabah,N.27 Kuala Kinabatangan,1,14551,Pinjamin Hassan,PEKEMAS,028-PEKEMAS,PEKEMAS,0,ALONE,58,1.1464716347104171,3,lost_deposit
1975-12-10,BY-ELECTION,Sabah,N.27 Kuala Kinabatangan,2,14552,Abdullah bin Hussain,BERJAYA,034-BERJAYA,BERJAYA,0,ALONE,1853,36.62779205376557,2,lost
1975-12-10,BY-ELECTION,Sabah,N.27 Kuala Kinabatangan,3,1756,Datuk Haji P. Galpam b. Pg. Indar [Pengiran],USNO,014-USNO,USNO,1,PERIKATAN,3148,62.22573631152402,1,won
1976-02-21,BY-ELECTION,Pahang,P.071 Pekan,1,3491,Mohd Najib Abd Razak,BN,001-UMNO,UMNO,3,BN,0,,1,won_uncontested
1976-05-08,BY-ELECTION,Terengganu,P.034 Kemaman,1,3445,Abdul Manan Othman,BN,001-UMNO,UMNO,3,BN,11204,60.59491617090319,1,won
1976-05-08,BY-ELECTION,Terengganu,P.034 Kemaman,2,1768,Kassim Ahmad,PSRM,009-PSRM,PSRM,0,ALONE,7286,39.40508382909681,2,lost
1976-06-12,BY-ELECTION,Kedah,N.23 Lunas,1,14553,Yeoh Boon Leong,DAP,021-DAP,DAP,0,ALONE,2221,18.405568906936274,3,lost
1976-06-12,BY-ELECTION,Kedah,N.23 Lunas,2,14554,Lim Wan Ming,BN,003-MCA,MCA,3,BN,5635,46.697605038534846,1,won
1976-06-12,BY-ELECTION,Kedah,N.23 Lunas,3,3629,Ariffin bin Haji Kechik,BEBAS,000-BEBAS,BEBAS,0,ALONE,3212,26.618049225159524,2,lost
1976-06-12,BY-ELECTION,Kedah,N.23 Lunas,4,14555,Ahmad bin Mahamud,PSRM,009-PSRM,PSRM,0,ALONE,999,8.278776829369354,4,lost_deposit
1976-07-15,BY-ELECTION,Sabah,N.15 Kiulu,1,4084,Toh Puan Hajjah Rahimah Stephens,BERJAYA,034-BERJAYA,BERJAYA,0,ALONE,0,,1,won_uncontested
1976-07-15,BY-ELECTION,Sabah,N.31 Papar,1,4066,Haji Mohammad Noor bin Hj. Mansoor,BERJAYA,034-BERJAYA,BERJAYA,0,ALONE,0,,1,won_uncontested
1976-07-15,BY-ELECTION,Sabah,N.20 Kota Kinabalu,1,4095,Lim Guan Sing,BERJAYA,034-BERJAYA,BERJAYA,0,ALONE,0,,1,won_uncontested
1976-07-31,BY-ELECTION,Sabah,N.21 Tanjong Aru,1,4081,M. A. Rahman,PEKEMAS,028-PEKEMAS,PEKEMAS,0,ALONE,721,12.052825142092946,2,lost_deposit
1976-07-31,BY-ELECTION,Sabah,N.21 Tanjong Aru,2,14556,Matthew Gonzaga,BERJAYA,034-BERJAYA,BERJAYA,0,ALONE,5261,87.94717485790706,1,won
1976-07-31,BY-ELECTION,Sabah,N.23 Moyog,1,1691,Richard E. Yapp,BEBAS,000-BEBAS,BEBAS,0,ALONE,237,5.339040324397386,2,lost_deposit
1976-07-31,BY-ELECTION,Sabah,N.23 Moyog,2,4105,Conrad Mojuntin,BERJAYA,034-BERJAYA,BERJAYA,0,ALONE,4202,94.66095967560261,1,won
1976-08-07,BY-ELECTION,Sarawak,N.05 Semariang,1,3226,Bujang b. Pulo,BEBAS,000-BEBAS,BEBAS,0,ALONE,1675,26.873094817904704,2,lost
1976-08-07,BY-ELECTION,Sarawak,N.05 Semariang,2,3969,Hafsah Harun,BN,029-PBB,PBB,3,BN,4558,73.1269051820953,1,won
1976-10-30,BY-ELECTION,Johor,N.13 Sri Lalang,1,14557,Khalid (Arif) bin Haji Alim,DAP,021-DAP,DAP,0,ALONE,2031,21.383449147188884,2,lost
1976-10-30,BY-ELECTION,Johor,N.13 Sri Lalang,2,3943,Sim Geok Peak,BN,003-MCA,MCA,3,BN,7467,78.61655085281112,1,won
1977-01-29,BY-ELECTION,Sabah,P.125 Kimanis,1,3557,Mohd. Hussin bin Aman,BEBAS,000-BEBAS,BEBAS,0,ALONE,87,0.7579057409181984,3,lost_deposit
1977-01-29,BY-ELECTION,Sabah,P.125 Kimanis,2,3556,A. K. Aliuddin [Pengiran Aliuddin Pengiran Tahir],BEBAS,000-BEBAS,BEBAS,0,ALONE,7077,61.65171182158725,1,won
1977-01-29,BY-ELECTION,Sabah,P.125 Kimanis,3,3322,Haji Karim Ghani,BN,014-USNO,USNO,3,BN,4315,37.590382437494554,2,lost
1977-02-05,BY-ELECTION,Johor,N.25 Bandar Penggaram,1,2299,Othman bin Ludin,BEBAS,000-BEBAS,BEBAS,0,ALONE,1661,10.798335717071902,3,lost_deposit
1977-02-05,BY-ELECTION,Johor,N.25 Bandar Penggaram,2,3955,Lim Tong Keng,BN,003-MCA,MCA,3,BN,11764,76.47900143024314,1,won
1977-02-05,BY-ELECTION,Johor,N.25 Bandar Penggaram,3,14558,Quek Swee Siang,DAP,021-DAP,DAP,0,ALONE,1957,12.722662852684957,2,lost
1977-02-24,BY-ELECTION,Johor,P.108 Panti,1,14559,Saadun Muhammad Noh,BN,001-UMNO,UMNO,3,BN,0,,1,won_uncontested
1977-06-11,BY-ELECTION,Sarawak,N.31 Balingian,1,5710,Lingie ak Balong,BEBAS,000-BEBAS,BEBAS,0,ALONE,1964,39.14690053817022,2,lost
1977-06-11,BY-ELECTION,Sarawak,N.31 Balingian,2,4016,Wan Habib Syed Mahmud,BN,029-PBB,PBB,3,BN,3053,60.85309946182977,1,won
1977-06-16,BY-ELECTION,Pulau Pinang,N.02 Bertam,1,3661,Abdul Rahman Abbas,BN,001-UMNO,UMNO,3,BN,0,,1,won_uncontested
1977-07-30,BY-ELECTION,Sabah,P.127 Keningau,1,14560,Bittie Basingau,BEBAS,000-BEBAS,BEBAS,0,ALONE,2451,22.566982782432557,2,lost
1977-07-30,BY-ELECTION,Sabah,P.127 Keningau,2,1731,Harris Salleh,BN,034-BERJAYA,BERJAYA,3,BN,8410,77.43301721756744,1,won
1977-11-05,BY-ELECTION,Johor,N.16 Parit Jawa,1,14561,Haji Ahmad bin Abd. Rahman,BEBAS,000-BEBAS,BEBAS,0,ALONE,3066,27.62908894295756,2,lost
1977-11-05,BY-ELECTION,Johor,N.16 Parit Jawa,2,3947,Shahadan bin Sabtu,BN,001-UMNO,UMNO,3,BN,8031,72.37091105704245,1,won
1977-11-19,BY-ELECTION,Perak,N.02 Kenering,1,3460,Mohd. Tajul Rosli bin Ghazali,BN,001-UMNO,UMNO,3,BN,5172,65.76805696846388,1,won
1977-11-19,BY-ELECTION,Perak,N.02 Kenering,2,2151,Ibrahim bin Singgeh,DAP,021-DAP,DAP,0,ALONE,1977,25.139877924720246,2,lost
1977-11-19,BY-ELECTION,Perak,N.02 Kenering,3,14562,A. Yusop b. A. Mat Husin,PEKEMAS,028-PEKEMAS,PEKEMAS,0,ALONE,715,9.09206510681587,3,lost_deposit
1977-12-20,BY-ELECTION,Sabah,N.04 Matunggong,1,14563,Amil bin Matinggi,BN,034-BERJAYA,BERJAYA,3,BN,0,,1,won_uncontested
1977-12-31,BY-ELECTION,Negeri Sembilan,N.04 Jempol,1,3876,Jaafar bin Harun,BN,001-UMNO,UMNO,3,BN,3008,84.39955106621774,1,won
1977-12-31,BY-ELECTION,Negeri Sembilan,N.04 Jempol,2,2628,Yusof Bador,DAP,021-DAP,DAP,0,ALONE,556,15.600448933782268,2,lost
1978-01-28,BY-ELECTION,Johor,P.112 Pontian,1,7967,Osman bin Sapian,PSRM,009-PSRM,PSRM,0,ALONE,3032,11.280181554373303,2,lost_deposit
1978-01-28,BY-ELECTION,Johor,P.112 Pontian,2,3533,Ikhwan bin Nasir,BN,001-UMNO,UMNO,3,BN,21811,81.145131887347,1,won
1978-01-28,BY-ELECTION,Johor,P.112 Pontian,3,1033,Ah Thiam,BEBAS,000-BEBAS,BEBAS,0,ALONE,2036,7.574686558279698,3,lost_deposit
1978-05-06,BY-ELECTION,Selangor,N.30 Morib,1,14564,Er Chue Chin,BEBAS,000-BEBAS,BEBAS,0,ALONE,538,8.2680190564008,3,lost_deposit
1978-05-06,BY-ELECTION,Selangor,N.30 Morib,2,3868,Ismail bin Sekak,BEBAS,000-BEBAS,BEBAS,0,ALONE,2229,34.25541724296911,2,lost
1978-05-06,BY-ELECTION,Selangor,N.30 Morib,3,3867,Ishak bin Pangat @ Shufaat,BN,001-UMNO,UMNO,3,BN,3740,57.47656370063009,1,won
1978-06-10,BY-ELECTION,Kelantan,N.07 Tendong,1,4181,Ghazali Awang Ibrahim,BERJASA,036-BERJASA,BERJASA,0,ALONE,5951,71.50925258351359,1,won
1978-06-10,BY-ELECTION,Kelantan,N.07 Tendong,2,3373,Cikgu Saharun,PAS,004-PAS,PAS,0,ALONE,2371,28.49074741648642,2,lost
1978-07-29,BY-ELECTION,Sabah,N.04 Matunggong,1,3539,Datuk Hj. Taulani,BEBAS,000-BEBAS,BEBAS,0,ALONE,211,5.599787685774947,3,lost_deposit
1978-07-29,BY-ELECTION,Sabah,N.04 Matunggong,2,4832,Nelson A. Tompoong,BEBAS,000-BEBAS,BEBAS,0,ALONE,78,2.0700636942675157,4,lost_deposit
1978-07-29,BY-ELECTION,Sabah,N.04 Matunggong,3,14565,George Mojuntin,BERJAYA,034-BERJAYA,BERJAYA,3,BN,2111,56.024416135881104,1,won
1978-07-29,BY-ELECTION,Sabah,N.04 Matunggong,4,3280,Michael Wong,BEBAS,000-BEBAS,BEBAS,0,ALONE,1368,36.30573248407643,2,lost
1978-07-29,BY-ELECTION,Sabah,N.22 Inanam,1,14566,William Mijol,BEBAS,000-BEBAS,BEBAS,0,ALONE,114,2.556627046422965,4,lost_deposit
1978-07-29,BY-ELECTION,Sabah,N.22 Inanam,2,14567,Mohd. Haji Yassin,BEBAS,000-BEBAS,BEBAS,0,ALONE,271,6.077595873514241,3,lost_deposit
1978-07-29,BY-ELECTION,Sabah,N.22 Inanam,3,5197,Fung Yun Fatt,BEBAS,000-BEBAS,BEBAS,0,ALONE,521,11.684234133213725,2,lost_deposit
1978-07-29,BY-ELECTION,Sabah,N.22 Inanam,4,4101,Marcel Leiking,BERJAYA,034-BERJAYA,BERJAYA,3,BN,3553,79.68154294684908,1,won
1978-08-19,BY-ELECTION,Perlis,N.01 Titi Tinggi,1,1983,Mustaffa bin Ahmad,PAS,004-PAS,PAS,0,ALONE,648,17.030223390275953,3,lost
1978-08-19,BY-ELECTION,Perlis,N.01 Titi Tinggi,2,4336,Liew Sih Yang,DAP,021-DAP,DAP,0,ALONE,758,19.921156373193167,2,lost
1978-08-19,BY-ELECTION,Perlis,N.01 Titi Tinggi,3,4337,Goh Eng Toon,BN,003-MCA,MCA,3,BN,2399,63.04862023653088,1,won
1978-09-16,BY-ELECTION,Sarawak,N.35 Machan,1,4022,Gramong Juna,BN,015-SNAP,SNAP,3,BN,2142,50.74626865671642,1,won
1978-09-16,BY-ELECTION,Sarawak,N.35 Machan,2,2474,Thomas Kana,BEBAS,000-BEBAS,BEBAS,0,ALONE,2079,49.25373134328358,2,lost
1978-12-09,BY-ELECTION,Pulau Pinang,N.23 Kampong Kolam,1,3692,Lee Teik Hooi,BEBAS,000-BEBAS,BEBAS,0,ALONE,62,0.49508903617344086,3,lost_deposit
1978-12-09,BY-ELECTION,Pulau Pinang,N.23 Kampong Kolam,2,1375,Khoo Kay Por,BN,026-GERAKAN,GERAKAN,3,BN,4398,35.119380340174075,2,lost
1978-12-09,BY-ELECTION,Pulau Pinang,N.23 Kampong Kolam,3,3691,Ooi Ean Kwong,DAP,021-DAP,DAP,0,ALONE,8063,64.38553062365247,1,won
1979-01-20,BY-ELECTION,Sarawak,N.08 Muara Tuang,1,3566,Razali Sabang,PAJAR,041-PAJAR,PAJAR,0,ALONE,846,18.84606816662954,2,lost
1979-01-20,BY-ELECTION,Sarawak,N.08 Muara Tuang,2,3974,Adenan Hj. Satem,BN,029-PBB,PBB,3,BN,3643,81.15393183337046,1,won
1979-03-17,BY-ELECTION,Sarawak,N.04 Kuching Timor,1,14568,Chua Kock Meng,BEBAS,000-BEBAS,BEBAS,0,ALONE,8122,77.30084705434473,1,won
1979-03-17,BY-ELECTION,Sarawak,N.04 Kuching Timor,2,14569,Chai Chong Fea,BN,015-SNAP,SNAP,3,BN,2385,22.69915294565528,2,lost
1979-07-30,BY-ELECTION,Terengganu,N.01 Kuala Besut,1,541,Husin bin Jusoh,PAS,004-PAS,PAS,0,ALONE,2745,44.16023166023166,2,lost
1979-07-30,BY-ELECTION,Terengganu,N.01 Kuala Besut,2,4418,Wan Zakaria bin Abd. Rahman,BN,001-UMNO,UMNO,3,BN,3471,55.839768339768334,1,won
1979-12-01,BY-ELECTION,Selangor,P.079 Pelabohan Kelang,1,4243,V. Govindaraj,BN,002-MIC,MIC,3,BN,17219,52.52417411463258,1,won
1979-12-01,BY-ELECTION,Selangor,P.079 Pelabohan Kelang,2,4194,Subky Latif,PAS,004-PAS,PAS,0,ALONE,7525,22.953970045450387,3,lost
1979-12-01,BY-ELECTION,Selangor,P.079 Pelabohan Kelang,3,14570,Abdul Hanif b. Abd. Manaf,BEBAS,000-BEBAS,BEBAS,0,ALONE,114,0.34774120733306896,4,lost_deposit
1979-12-01,BY-ELECTION,Selangor,P.079 Pelabohan Kelang,4,2208,K. Ramasen,DAP,021-DAP,DAP,0,ALONE,7777,23.722661135344538,2,lost
1979-12-01,BY-ELECTION,Selangor,P.079 Pelabohan Kelang,5,14571,M. Hari Devan [Hari Devan Mookhen],BEBAS,000-BEBAS,BEBAS,0,ALONE,83,0.2531800018302169,5,lost_deposit
1979-12-01,BY-ELECTION,Selangor,P.079 Pelabohan Kelang,6,14572,Mani [Mani Nagaindra Valliappan],BEBAS,000-BEBAS,BEBAS,0,ALONE,22,0.06710795229234665,7,lost_deposit
1979-12-01,BY-ELECTION,Selangor,P.079 Pelabohan Kelang,7,14573,Mohan [Mohan Lal],BEBAS,000-BEBAS,BEBAS,0,ALONE,43,0.13116554311685935,6,lost_deposit
1979-11-24,BY-ELECTION,Sabah,N.47 Balung,1,4160,S. Abas bin S. Ali,BERJAYA,034-BERJAYA,BERJAYA,3,BN,2718,80.89285714285714,1,won
1979-11-24,BY-ELECTION,Sabah,N.47 Balung,2,5038,Ahmad Awang,BEBAS,000-BEBAS,BEBAS,0,ALONE,642,19.107142857142854,2,lost
1979-11-24,BY-ELECTION,Sabah,N.17 Ranau,1,4090,Jirin bin Saliun,BERJAYA,034-BERJAYA,BERJAYA,3,BN,2496,65.37454164484024,1,won
1979-11-24,BY-ELECTION,Sabah,N.17 Ranau,2,3310,Amin bin Jahali @ Johnny,PASOK,042-PASOK,PASOK,0,ALONE,1322,34.62545835515977,2,lost
1980-01-28,BY-ELECTION,Sarawak,P.146 Mukah,1,3257,Edward Esnen Unang,BN,029-PBB,PBB,3,BN,0,,1,won_uncontested
1980-01-28,BY-ELECTION,Sarawak,N.32 Oya,1,3255,Hj. Salleh bin Jafaruddin,BN,029-PBB,PBB,3,BN,0,,1,won_uncontested
1980-04-05,BY-ELECTION,Kedah,N.12 Bukit Raya,1,3418,Ustaz Fadzil Noor,PAS,004-PAS,PAS,0,ALONE,6732,49.745067612502766,2,lost
1980-04-05,BY-ELECTION,Kedah,N.12 Bukit Raya,2,2746,Haji Safirol b. Haji Hashim,BN,001-UMNO,UMNO,3,BN,6801,50.254932387497234,1,won
1980-05-24,BY-ELECTION,Sabah,N.10 Sugut,1,3295,Pg. Khafid bin Pengiran Salleh,BERJAYA,034-BERJAYA,BERJAYA,3,BN,1481,78.31835007932311,1,won
1980-05-24,BY-ELECTION,Sabah,N.10 Sugut,2,14574,Buangkan bin Dawat,BEBAS,000-BEBAS,BEBAS,0,ALONE,410,21.68164992067689,2,lost
1980-05-24,BY-ELECTION,Sabah,N.45 Kemabong,1,14575,Sandig bin Ampara,BEBAS,000-BEBAS,BEBAS,0,ALONE,511,20.293884034948373,2,lost
1980-05-24,BY-ELECTION,Sabah,N.45 Kemabong,2,4155,Justin bin Sanggau,BERJAYA,034-BERJAYA,BERJAYA,3,BN,2007,79.70611596505162,1,won
1980-11-15,BY-ELECTION,Pulau Pinang,N.24 Pengkalan Kota,1,14576,Lim Ewe Chin,BEBAS,000-BEBAS,BEBAS,0,ALONE,1503,10.236327725941564,3,lost_deposit
1980-11-15,BY-ELECTION,Pulau Pinang,N.24 Pengkalan Kota,2,4476,Teoh Teik Huat,DAP,021-DAP,DAP,0,ALONE,6285,42.804603963767626,2,lost
1980-11-15,BY-ELECTION,Pulau Pinang,N.24 Pengkalan Kota,3,208,Lim Kean Siew,BN,003-MCA,MCA,3,BN,6839,46.5776748620854,1,won
1980-11-15,BY-ELECTION,Pulau Pinang,N.24 Pengkalan Kota,4,6566,Tan Kee Chey,BEBAS,000-BEBAS,BEBAS,0,ALONE,56,0.3813934482054076,4,lost_deposit
1981-03-10,BY-ELECTION,Sarawak,N.07 Sebandi,1,1899,Datuk Amar Haji Abdul Taib Mahmud,BN,029-PBB,PBB,3,BN,0,,1,won_uncontested
1981-04-09,BY-ELECTION,Sabah,P.125 Kimanis,1,4298,Pengiran Othman Rauf,BN,034-BERJAYA,BERJAYA,3,BN,0,,1,won_uncontested
1981-05-04,BY-ELECTION,Sarawak,P.142 Paloh,1,3220,Abang Abu Bakar bin Datu Bandar Abg. Hj.  Mustapha,BN,029-PBB,PBB,3,BN,0,,1,won_uncontested
1981-05-23,BY-ELECTION,Sarawak,N.06 Satok,1,4730,Abg. Johari bin Tun Abg. Hj. Openg,BN,029-PBB,PBB,3,BN,7857,79.92065913945682,1,won
1981-05-23,BY-ELECTION,Sarawak,N.06 Satok,2,3970,Wan Ahmadul Badwi Tuanku Hj. Ibrahim,PAJAR,041-PAJAR,PAJAR,0,ALONE,1974,20.07934086054318,2,lost
1981-05-23,BY-ELECTION,Sarawak,N.24 Matu-Daro,1,14577,Abg. Ali b. Abg. Abdul Rani,BN,029-PBB,PBB,3,BN,5227,84.37449556093624,1,won
1981-05-23,BY-ELECTION,Sarawak,N.24 Matu-Daro,2,4000,Eden bin Abdullah,PAJAR,041-PAJAR,PAJAR,0,ALONE,968,15.62550443906376,2,lost
1981-09-04,BY-ELECTION,Sarawak,N.17 Engkilili,1,14578,Entau ak. Mengga,BEBAS,000-BEBAS,BEBAS,0,ALONE,1216,32.40938166311301,2,lost
1981-09-04,BY-ELECTION,Sarawak,N.17 Engkilili,2,1916,Jonathan Narwin ak. Jinggong,BN,029-PBB,PBB,3,BN,2536,67.590618336887,1,won
1981-09-17,BY-ELECTION,Negeri Sembilan,N.14 Ulu Muar,1,4644,Ali bin Haji Manat,BN,001-UMNO,UMNO,3,BN,0,,1,won_uncontested
1981-09-26,BY-ELECTION,Johor,P.109 Sri Gading,1,2307,Md. Sulaiman @ Mohamed b. Hj. Anuar,PAS,004-PAS,PAS,0,ALONE,1974,8.578505931945593,2,lost_deposit
1981-09-26,BY-ELECTION,Johor,P.109 Sri Gading,2,4273,Mustaffa bin Mohammad,BN,001-UMNO,UMNO,3,BN,21037,91.42149406805441,1,won
1981-11-08,BY-ELECTION,Sabah,N.36 Lumadan,1,7315,Johari b. Mohd Dun,BERJAYA,034-BERJAYA,BERJAYA,3,BN,2597,57.63426542387927,1,won
1981-11-08,BY-ELECTION,Sabah,N.36 Lumadan,2,1726,Mohd. Yasin bin Buraw,USNO,014-USNO,USNO,15,BS,1909,42.36573457612073,2,lost
1981-11-08,BY-ELECTION,Sabah,N.41 Kunak,1,5855,Mohd Saip b. Ab Garang,BEBAS,000-BEBAS,BEBAS,0,ALONE,40,1.0266940451745379,3,lost_deposit
1981-11-08,BY-ELECTION,Sabah,N.41 Kunak,2,14579,Mohd. Arakh b. Dara,BERJAYA,034-BERJAYA,BERJAYA,3,BN,1678,43.06981519507187,2,lost
1981-11-08,BY-ELECTION,Sabah,N.41 Kunak,3,3351,Salim b. Bacho,USNO,014-USNO,USNO,15,BS,2178,55.903490759753595,1,won
1981-11-08,BY-ELECTION,Sabah,N.47 Balung,1,4955,A. Bahrom bin Datuk Hj. A. Titingan,BERJAYA,034-BERJAYA,BERJAYA,3,BN,2590,63.48039215686274,1,won
1981-11-08,BY-ELECTION,Sabah,N.47 Balung,2,4159,Pengiran Hashim bin Pengiran Ibrahim,USNO,014-USNO,USNO,15,BS,1453,35.61274509803922,2,lost
1981-11-08,BY-ELECTION,Sabah,N.47 Balung,3,14580,Ahmad bin Hj. Zainudin,BEBAS,000-BEBAS,BEBAS,0,ALONE,37,0.9068627450980393,3,lost_deposit
1982-08-14,BY-ELECTION,Sarawak,N.10 Bengoh,1,4736,William Tanyuh ak Nub,BN,013-SUPP,SUPP,3,BN,4195,53.00732878443265,1,won
1982-08-14,BY-ELECTION,Sarawak,N.10 Bengoh,2,5673,Chong Kuet Bui @ Robert Abui,BEBAS,000-BEBAS,BEBAS,0,ALONE,3719,46.99267121556735,2,lost
1982-10-01,BY-ELECTION,Sabah,N.06 Tandek,1,14581,Vilson Uhut Malingka,BERJAYA,034-BERJAYA,BERJAYA,3,BN,1330,44.54119223040857,1,won
1982-10-01,BY-ELECTION,Sabah,N.06 Tandek,2,5729,Saibon b. Papalan,BEBAS,000-BEBAS,BEBAS,0,ALONE,413,13.831212324179504,3,lost
1982-10-01,BY-ELECTION,Sabah,N.06 Tandek,3,14582,Dominic b. Gorotom,BEBAS,000-BEBAS,BEBAS,0,ALONE,1243,41.62759544541193,2,lost
1982-10-01,BY-ELECTION,Sabah,N.07 Usukan,1,4838,Mohd. Salleh b. Tan Sri Haji Mohd. Said,BERJAYA,034-BERJAYA,BERJAYA,3,BN,2614,39.33784800601956,2,lost
1982-10-01,BY-ELECTION,Sabah,N.07 Usukan,2,14583,Ginduk bin Sani,BEBAS,000-BEBAS,BEBAS,0,ALONE,153,2.3024830699774266,6,lost_deposit
1982-10-01,BY-ELECTION,Sabah,N.07 Usukan,3,14584,Mardin bin Hj. Abd Ghani,BEBAS,000-BEBAS,BEBAS,0,ALONE,156,2.347629796839729,5,lost_deposit
1982-10-01,BY-ELECTION,Sabah,N.07 Usukan,4,4982,Ajun bin Meliyon,BEBAS,000-BEBAS,BEBAS,0,ALONE,565,8.502633559066968,3,lost_deposit
1982-10-01,BY-ELECTION,Sabah,N.07 Usukan,5,4285,Pandikar bin Hj. Mulia,USNO,014-USNO,USNO,0,ALONE,2877,43.295711060948086,1,won
1982-10-01,BY-ELECTION,Sabah,N.07 Usukan,6,14585,Maggit bin Julan,BEBAS,000-BEBAS,BEBAS,0,ALONE,280,4.213694507148231,4,lost_deposit
1982-10-16,BY-ELECTION,Perak,N.22 Kepayang,1,2631,Lau Dak Kee,DAP,021-DAP,DAP,0,ALONE,16246,71.48011263639563,1,won
1982-10-16,BY-ELECTION,Perak,N.22 Kepayang,2,6196,Ng Yok Kooi,BN,003-MCA,MCA,3,BN,6482,28.51988736360436,2,lost
1982-12-09,BY-ELECTION,Terengganu,N.10 Binjai,1,5342,Muda bin Mamat,BN,001-UMNO,UMNO,3,BN,4041,55.95402935474938,1,won
1982-12-09,BY-ELECTION,Terengganu,N.10 Binjai,2,3639,Abdul Wahab bin Salleh,PAS,004-PAS,PAS,0,ALONE,3181,44.04597064525062,2,lost
1983-01-28,BY-ELECTION,Sabah,N.01 Banggi,1,4811,Yahya Othman,BERJAYA,034-BERJAYA,BERJAYA,3,BN,0,,1,won_uncontested
1983-03-16,BY-ELECTION,Kedah,P.009 Ulu Muda,1,14586,Ahmad bin Bakar,BEBAS,000-BEBAS,BEBAS,0,ALONE,159,0.6268727330074121,3,lost_deposit
1983-03-16,BY-ELECTION,Kedah,P.009 Ulu Muda,2,14587,Mohd. Napi @ Nakhai bin Haji Ahmad,PAS,004-PAS,PAS,0,ALONE,10266,40.474688534931396,2,lost
1983-03-16,BY-ELECTION,Kedah,P.009 Ulu Muda,3,5051,Othman bin Abdul,BN,001-UMNO,UMNO,3,BN,14939,58.89843873206119,1,won
1983-04-09,BY-ELECTION,Perak,N.02 Kenering,1,5403,Johan bin Lahamat,BN,001-UMNO,UMNO,3,BN,6116,70.67252137739773,1,won
1983-04-09,BY-ELECTION,Perak,N.02 Kenering,2,2113,Haji Md. Arif bin Yaacob,PAS,004-PAS,PAS,0,ALONE,2538,29.327478622602264,2,lost
1983-06-04,BY-ELECTION,Pahang,N.16 Bandar Raub,1,14588,Chua Hung Kim,BN,003-MCA,MCA,3,BN,3873,40.377397831526274,2,lost
1983-06-04,BY-ELECTION,Pahang,N.16 Bandar Raub,2,3490,Lip Ah Kow @ Lip Tuck Chee,DAP,021-DAP,DAP,0,ALONE,5719,59.622602168473726,1,won
1983-07-16,BY-ELECTION,Sabah,N.14 Tamparuli,1,4290,Alim Sugara,PUSAKA,037-PUSAKA,PUSAKA,0,ALONE,42,0.9567198177676537,3,lost_deposit
1983-07-16,BY-ELECTION,Sabah,N.14 Tamparuli,2,3550,Ignatius Stephen Malanjum,PASOK,042-PASOK,PASOK,0,ALONE,1501,34.191343963553535,2,lost
1983-07-16,BY-ELECTION,Sabah,N.14 Tamparuli,3,3320,Datuk Clarence E. Mansul,BN,034-BERJAYA,BERJAYA,3,BN,2847,64.85193621867882,1,won
1983-09-08,BY-ELECTION,Kelantan,N.28 Selising,1,1285,Wan Muhammad bin Wan Abu Bakar,BN,001-UMNO,UMNO,3,BN,5734,62.90729566648382,1,won
1983-09-08,BY-ELECTION,Kelantan,N.28 Selising,2,4406,Ab. Rahman bin Haji Ahmad,PAS,004-PAS,PAS,0,ALONE,3220,35.32638507953922,2,lost
1983-09-08,BY-ELECTION,Kelantan,N.28 Selising,3,3407,Mohamed Nawi bin Awang,HAMIM,048-HAMIM,HAMIM,3,BN,161,1.7663192539769612,3,lost_deposit
1983-09-08,BY-ELECTION,Kelantan,N.05 Kemumin,1,2560,Omar @ Umar bin Ibrahim,BN,036-BERJASA,BERJASA,3,BN,4389,53.0392749244713,1,won
1983-09-08,BY-ELECTION,Kelantan,N.05 Kemumin,2,3368,Che Hassan bin Che Ishak,PAS,004-PAS,PAS,0,ALONE,3727,45.0392749244713,2,lost
1983-09-08,BY-ELECTION,Kelantan,N.05 Kemumin,3,14589,Md. Shukri bin Abd. Rahman,HAMIM,048-HAMIM,HAMIM,3,BN,159,1.9214501510574018,3,lost_deposit
1983-09-24,BY-ELECTION,Negeri Sembilan,P.094 Tampin,1,6662,Omar bin Abdullah,BN,001-UMNO,UMNO,3,BN,24761,80.88129613902136,1,won
1983-09-24,BY-ELECTION,Negeri Sembilan,P.094 Tampin,2,5155,Mohamad Mangsor b. Keliwan @ Mansoor b. Keliwan,PAS,004-PAS,PAS,0,ALONE,3085,10.077088913568955,2,lost_deposit
1983-09-24,BY-ELECTION,Negeri Sembilan,P.094 Tampin,3,14590,Liew Cheong Wye,BEBAS,000-BEBAS,BEBAS,0,ALONE,2768,9.041614947409682,3,lost_deposit
1983-11-19,BY-ELECTION,Negeri Sembilan,P.091 Seremban,1,1846,Chen Man Hin Dennis,DAP,021-DAP,DAP,0,ALONE,23897,57.72082799932369,1,won
1983-11-19,BY-ELECTION,Negeri Sembilan,P.091 Seremban,2,14591,Teh Lee Beng,BN,003-MCA,MCA,3,BN,17504,42.27917200067631,2,lost
1983-12-03,BY-ELECTION,Perak,N.41 Rungkup,1,14592,Ustaz Hj. Ibrahim b. Hj. Hassan,PAS,004-PAS,PAS,0,ALONE,3704,32.091491942470974,2,lost
1983-12-03,BY-ELECTION,Perak,N.41 Rungkup,2,5107,Mohamed bin Jamrah,BN,001-UMNO,UMNO,3,BN,7838,67.90850805752903,1,won
1984-12-29,BY-ELECTION,Sabah,N.18 Tambunan,1,3313,Datuk Joseph Pairin Kitingan,BEBAS,000-BEBAS,BEBAS,0,ALONE,3685,85.26145303100417,1,won
1984-12-29,BY-ELECTION,Sabah,N.18 Tambunan,2,14593,Roger Ongkili,BN,034-BERJAYA,BERJAYA,3,BN,637,14.738546968995836,2,lost
1985-01-19,BY-ELECTION,Kedah,P.005 Padang Terap,1,14594,Choong Seang Hai,BEBAS,000-BEBAS,BEBAS,0,ALONE,118,0.38024038926304254,3,lost_deposit
1985-01-19,BY-ELECTION,Kedah,P.005 Padang Terap,2,3602,Baharom bin Haji Bakar,BN,001-UMNO,UMNO,3,BN,18262,58.84703380272613,1,won
1985-01-19,BY-ELECTION,Kedah,P.005 Padang Terap,3,3417,Halim bin Arshat,PAS,004-PAS,PAS,0,ALONE,12560,40.47304482325267,2,lost
1985-01-19,BY-ELECTION,Kedah,P.005 Padang Terap,4,4360,Khalid bin Abdullah,BEBAS,000-BEBAS,BEBAS,0,ALONE,93,0.29968098475816063,4,lost_deposit
1985-10-12,BY-ELECTION,Sabah,P.129 Ulu Padas,1,5021,Jinuin Jimin,BN,034-BERJAYA,BERJAYA,3,BN,4934,40.6760098928277,2,lost
1985-10-12,BY-ELECTION,Sabah,P.129 Ulu Padas,2,4931,Kadoh Agundong,PBS,054-PBS,PBS,0,ALONE,7196,59.3239901071723,1,won
1986-01-04,BY-ELECTION,Pahang,N.18 Bandar Maran,1,5492,Ayub bin Teh,BN,001-UMNO,UMNO,3,BN,0,,1,won_uncontested
1986-01-25,BY-ELECTION,Sabah,N.20 Karamunting,1,4873,Ngui Kon Foh @ David Ngui Tet Shiung,BEBAS,000-BEBAS,BEBAS,0,ALONE,2230,33.92666970941731,2,lost
1986-01-25,BY-ELECTION,Sabah,N.20 Karamunting,2,14595,Lui Pui Keong,PBS,054-PBS,PBS,3,BN,3878,58.99893503727369,1,won
1986-01-25,BY-ELECTION,Sabah,N.20 Karamunting,3,14596,Zulkifli Chong,BEBAS,000-BEBAS,BEBAS,0,ALONE,14,0.21299254526091588,4,lost_deposit
1986-01-25,BY-ELECTION,Sabah,N.20 Karamunting,4,4294,Chin Hon Chong,BN,034-BERJAYA,BERJAYA,3,BN,451,6.861402708048075,3,lost_deposit
1986-01-25,BY-ELECTION,Sabah,N.33 Buang Sayang,1,14597,Roger Ludgerus Dunstan @ Roy D. Intan,BEBAS,000-BEBAS,BEBAS,0,ALONE,159,2.43977290164186,4,lost_deposit
1986-01-25,BY-ELECTION,Sabah,N.33 Buang Sayang,2,4106,Osu Hj. Sukam,USNO,014-USNO,USNO,0,ALONE,3151,48.350468006751576,1,won
1986-01-25,BY-ELECTION,Sabah,N.33 Buang Sayang,3,14598,Mohd Yusof Bin Chua @ Chua Soo Ngec,BEBAS,000-BEBAS,BEBAS,0,ALONE,246,3.7747429798987264,3,lost_deposit
1986-01-25,BY-ELECTION,Sabah,N.33 Buang Sayang,4,4296,Ag. Ahmad B. Pg. Moktar,BEBAS,000-BEBAS,BEBAS,0,ALONE,70,1.0741138560687433,5,lost_deposit
1986-01-25,BY-ELECTION,Sabah,N.33 Buang Sayang,5,5014,Amat B. Awang Matnasir,PBS,054-PBS,PBS,3,BN,2891,44.3609022556391,2,lost
1986-01-25,BY-ELECTION,Sabah,N.47 Balung,1,14599,Bendy bin Blais,BEBAS,000-BEBAS,BEBAS,0,ALONE,43,0.7243935309973045,3,lost_deposit
1986-01-25,BY-ELECTION,Sabah,N.47 Balung,2,4066,Hj. Mohammad Noor Bin Hj. Mansoor,BN,034-BERJAYA,BERJAYA,3,BN,2795,47.0855795148248,2,lost
1986-01-25,BY-ELECTION,Sabah,N.47 Balung,3,4955,Ahmad Bahrom Bin Datuk Hj. Abu Bakar Titingan @ Bahrom,PBS,054-PBS,PBS,3,BN,3098,52.190026954177895,1,won
1986-01-25,BY-ELECTION,Sabah,N.22 Sukau,1,3330,Kolnah Bte Sahih,BEBAS,000-BEBAS,BEBAS,0,ALONE,406,14.822928075940126,3,lost
1986-01-25,BY-ELECTION,Sabah,N.22 Sukau,2,14600,Abdul Rasit Bin Mating,BEBAS,000-BEBAS,BEBAS,0,ALONE,172,6.279664110989412,5,lost_deposit
1986-01-25,BY-ELECTION,Sabah,N.22 Sukau,3,3328,Mohammad Bin Jifli,BEBAS,000-BEBAS,BEBAS,0,ALONE,262,9.565534866739686,4,lost_deposit
1986-01-25,BY-ELECTION,Sabah,N.22 Sukau,4,4880,Saman Bin Hj. Gulam,PBS,054-PBS,PBS,3,BN,685,25.009127418765974,2,lost
1986-01-25,BY-ELECTION,Sabah,N.22 Sukau,5,4996,Zaki Bin Gusmiah @ Zakariah B. Hj. Gusnmiah,USNO,014-USNO,USNO,0,ALONE,1124,41.03687477181453,1,won
1986-01-25,BY-ELECTION,Sabah,N.22 Sukau,6,14601,Idris Bin Siat @ Idris Bin Panglima Siat,BEBAS,000-BEBAS,BEBAS,0,ALONE,90,3.285870755750274,6,lost_deposit
1986-07-02,BY-ELECTION,Sarawak,N.32 Oya,1,3255,Salleh Jafaruddin,BEBAS,000-BEBAS,BEBAS,0,ALONE,2460,36.853932584269664,2,lost
1986-07-02,BY-ELECTION,Sarawak,N.32 Oya,2,5698,Wan Mahdzar,BN,029-PBB,PBB,3,BN,4215,63.146067415730336,1,won
1986-08-30,BY-ELECTION,Sarawak,N.18 Batang Air,1,7226,Klinsing Ak Manau,BN,015-SNAP,SNAP,3,BN,1939,43.08888888888889,2,lost
1986-08-30,BY-ELECTION,Sarawak,N.18 Batang Air,2,14519,Ronaldson Ranggau Basan,BEBAS,000-BEBAS,BEBAS,0,ALONE,46,1.0222222222222224,5,lost_deposit
1986-08-30,BY-ELECTION,Sarawak,N.18 Batang Air,3,4754,Pok Ungkut,BEBAS,000-BEBAS,BEBAS,0,ALONE,59,1.3111111111111111,4,lost_deposit
1986-08-30,BY-ELECTION,Sarawak,N.18 Batang Air,4,5681,Mikai Mandau,BEBAS,000-BEBAS,BEBAS,0,ALONE,2342,52.04444444444445,1,won
1986-08-30,BY-ELECTION,Sarawak,N.18 Batang Air,5,14518,Lim Ah San,BEBAS,000-BEBAS,BEBAS,0,ALONE,30,0.6666666666666667,6,lost_deposit
1986-08-30,BY-ELECTION,Sarawak,N.18 Batang Air,6,14517,Dakau Ak. Sutik,BEBAS,000-BEBAS,BEBAS,0,ALONE,84,1.866666666666667,3,lost_deposit
1986-11-29,BY-ELECTION,Sabah,N.11 Sulaman,1,4077,Umsery Abdullah @ Ansari,BERJAYA,034-BERJAYA,BERJAYA,3,BN,1137,19.78423525317557,3,lost
1986-11-29,BY-ELECTION,Sabah,N.11 Sulaman,2,3302,Haji Jasnie Gindug,PBS,054-PBS,PBS,3,BN,2657,46.23281712197668,1,won
1986-11-29,BY-ELECTION,Sabah,N.11 Sulaman,3,14516,Marahan bin Amirusin @ Omarkhan,BEBAS,000-BEBAS,BEBAS,0,ALONE,1953,33.982947624847746,2,lost
1987-04-04,BY-ELECTION,Sarawak,P.162 Lubok Antu,1,14515,Augustine Sating ak Jemut,BEBAS,000-BEBAS,BEBAS,0,ALONE,2356,30.78531294917026,2,lost
1987-04-04,BY-ELECTION,Sarawak,P.162 Lubok Antu,2,6012,Jawah ak Garang,BN,049-PBDS,PBDS,3,BN,5297,69.21468705082974,1,won
1987-04-18,BY-ELECTION,Sabah,P.148 Limbawang,1,14514,Mohamad Lamrih bin Mohd. Said @ Mohd. Ramli bin Mohd. Said,BEBAS,000-BEBAS,BEBAS,0,ALONE,2910,31.31389217690735,2,lost
1987-04-18,BY-ELECTION,Sabah,P.148 Limbawang,2,4299,Mohammed Yussof bin Haji Yakob,BERJAYA,034-BERJAYA,BERJAYA,0,ALONE,1679,18.067362530937263,3,lost
1987-04-18,BY-ELECTION,Sabah,P.148 Limbawang,3,1690,Tan Datu Haji Mustapha bin Datu Harun,BN,014-USNO,USNO,3,BN,4704,50.61874529215539,1,won
1987-04-18,BY-ELECTION,Sabah,N.08 Usukan,1,14513,Asmari bin Sikin,BEBAS,000-BEBAS,BEBAS,0,ALONE,143,1.997485682357871,3,lost_deposit
1987-04-18,BY-ELECTION,Sabah,N.08 Usukan,2,4838,Mohd. Salleh b. Tan Sri Haji Mohd. Said,PBS,054-PBS,PBS,3,BN,3310,46.2355077524794,2,lost
1987-04-18,BY-ELECTION,Sabah,N.08 Usukan,3,1690,Tun Datu Haji Mustapha bin Datu Harun,USNO,014-USNO,USNO,0,ALONE,3706,51.76700656516273,1,won
1987-05-16,BY-ELECTION,Perak,P.064 Gopeng,1,6566,Tan Kee Chye,BEBAS,000-BEBAS,BEBAS,0,ALONE,103,0.4947641464117591,3,lost_deposit
1987-05-16,BY-ELECTION,Perak,P.064 Gopeng,2,5910,Dr. Ting Chew Peh,BN,003-MCA,MCA,3,BN,12619,60.615813238543566,1,won
1987-05-16,BY-ELECTION,Perak,P.064 Gopeng,3,5146,Ahmad Nor,DAP,021-DAP,DAP,0,ALONE,8096,38.88942261504467,2,lost
1987-06-28,BY-ELECTION,Kelantan,N.14 Bukit Tuku,1,6086,Mohd. Zain bin Ismail,BN,001-UMNO,UMNO,3,BN,3790,44.94781783681214,1,won
1987-06-28,BY-ELECTION,Kelantan,N.14 Bukit Tuku,2,4398,Abdul Fatah Haji Harun,PAS,004-PAS,PAS,18,HAK,3672,43.54838709677419,2,lost
1987-06-28,BY-ELECTION,Kelantan,N.14 Bukit Tuku,3,3383,Noor Mohamed bin Mohamed Din,BEBAS,000-BEBAS,BEBAS,0,ALONE,970,11.503795066413662,3,lost_deposit
1987-09-19,BY-ELECTION,Sabah,N.34 Bongawan,1,5816,Abd. Ghani Bidin,PBS,054-PBS,PBS,3,BN,3279,53.63101079489696,1,won
1987-09-19,BY-ELECTION,Sabah,N.34 Bongawan,2,3556,A. K. Aliuddin [Pengiran Aliuddin Pengiran Tahir],USNO,014-USNO,USNO,0,ALONE,2835,46.36898920510304,2,lost
1989-01-28,BY-ELECTION,Selangor,P.088 Ampang Jaya,1,14506,Loh Ah Ha,BEBAS,000-BEBAS,BEBAS,0,ALONE,43,0.09895749430419074,5,lost_deposit
1989-01-28,BY-ELECTION,Selangor,P.088 Ampang Jaya,2,14505,Adam bin Haji Daim,BEBAS,000-BEBAS,BEBAS,0,ALONE,42,0.09665615722734909,6,lost_deposit
1989-01-28,BY-ELECTION,Selangor,P.088 Ampang Jaya,3,14504,Che Bakar Said,BEBAS,000-BEBAS,BEBAS,0,ALONE,22,0.0506294156905162,7,lost_deposit
1989-01-28,BY-ELECTION,Selangor,P.088 Ampang Jaya,4,1539,Dato' Harun Idris,S46,062-S46,S46,0,ALONE,19469,44.80473154902999,2,lost
1989-01-28,BY-ELECTION,Selangor,P.088 Ampang Jaya,5,5927,Ong Tee Keat,BN,003-MCA,MCA,3,BN,23719,54.58541412560698,1,won
1989-01-28,BY-ELECTION,Selangor,P.088 Ampang Jaya,6,14503,Wang Ah Hoong,BEBAS,000-BEBAS,BEBAS,0,ALONE,109,0.2508457413757393,3,lost_deposit
1989-01-28,BY-ELECTION,Selangor,P.088 Ampang Jaya,7,14502,Syed Idrus Alshahab,BEBAS,000-BEBAS,BEBAS,0,ALONE,49,0.1127655167652406,4,lost_deposit
1989-05-13,BY-ELECTION,Pahang,P.079 Bentung,1,14501,Ramakrishnaw,BEBAS,000-BEBAS,BEBAS,0,ALONE,42,0.14650481372959395,5,lost_deposit
1989-05-13,BY-ELECTION,Pahang,P.079 Bentung,2,4233,Mohamed Basri b. Hj Mahidin,BEBAS,000-BEBAS,BEBAS,0,ALONE,2137,7.454304450955769,3,lost_deposit
1989-05-13,BY-ELECTION,Pahang,P.079 Bentung,3,3490,Lip Tuck Chee,DAP,021-DAP,DAP,5,GR,8895,31.02762662201758,2,lost
1989-05-13,BY-ELECTION,Pahang,P.079 Bentung,4,14500,M. Palanisamy,BEBAS,000-BEBAS,BEBAS,0,ALONE,193,0.6732245011859914,4,lost_deposit
1989-05-13,BY-ELECTION,Pahang,P.079 Bentung,5,3028,Dato' Lim Ah Lek,BN,003-MCA,MCA,3,BN,17401,60.69833961211106,1,won
1989-06-24,BY-ELECTION,Terengganu,N.10 Teluk Pasu,1,6132,Haji Abdul Rahman bin Mohd,BN,001-UMNO,UMNO,3,BN,3530,49.02096930981808,2,lost
1989-06-24,BY-ELECTION,Terengganu,N.10 Teluk Pasu,2,3644,Ustaz Haji Harun bin Taib,PAS,004-PAS,PAS,18,HAK,3671,50.979030690181915,1,won
1989-08-05,BY-ELECTION,Johor,N.33 Tambatan,1,14499,Hatta Abdullah Mahyee,BEBAS,000-BEBAS,BEBAS,0,ALONE,29,0.20335179861159808,4,lost_deposit
1989-08-05,BY-ELECTION,Johor,N.33 Tambatan,2,14498,Y. H. Ngiam,BEBAS,000-BEBAS,BEBAS,0,ALONE,111,0.7783465395133581,3,lost_deposit
1989-08-05,BY-ELECTION,Johor,N.33 Tambatan,3,6391,A. Kadir Annuar,BN,001-UMNO,UMNO,3,BN,7598,53.27817123623869,1,won
1989-08-05,BY-ELECTION,Johor,N.33 Tambatan,4,14497,Dato' Jaafar Onn,S46,062-S46,S46,0,ALONE,6523,45.74013042563635,2,lost
1989-08-12,BY-ELECTION,Pahang,N.14 Teruntum,1,6236,Kan Tong Leong,BN,003-MCA,MCA,3,BN,8014,65.76399146561627,1,won
1989-08-12,BY-ELECTION,Pahang,N.14 Teruntum,2,3801,Ismail bin Mohamad,BEBAS,000-BEBAS,BEBAS,0,ALONE,1875,15.386509108813392,3,lost
1989-08-12,BY-ELECTION,Pahang,N.14 Teruntum,3,14496,Yong Siew Fai,BEBAS,000-BEBAS,BEBAS,0,ALONE,2297,18.849499425570325,2,lost
1989-11-01,BY-ELECTION,Selangor,N.03 Sungai Besar,1,14495,Ustaz Abdul Razak Dawami,PAS,004-PAS,PAS,18,HAK,2468,32.61961406291303,2,lost
1989-11-01,BY-ELECTION,Selangor,N.03 Sungai Besar,2,5922,Haji Mahbud bin Haji Hashim,BN,001-UMNO,UMNO,3,BN,5098,67.38038593708697,1,won
1989-12-09,BY-ELECTION,Sabah,N.14 Ranau,1,5755,Siringan bin Gubat,PBS,054-PBS,PBS,3,BN,3647,57.26173653634794,1,won
1989-12-09,BY-ELECTION,Sabah,N.14 Ranau,2,3547,Datuk Mark Koding,AKAR,063-AKAR,AKAR,0,ALONE,2517,39.51954780970325,2,lost
1989-12-09,BY-ELECTION,Sabah,N.14 Ranau,3,14494,Mohd. Rustim Sulaiman,MOMOGUN,053-MOMOGUN,MOMOGUN,0,ALONE,205,3.218715653948814,3,lost_deposit
1990-03-24,BY-ELECTION,Kedah,N.23 Pantai Merdeka,1,2754,Dato Haji Mohd. Muslim,PAS,004-PAS,PAS,18,HAK,6975,40.18088599573708,2,lost
1990-03-24,BY-ELECTION,Kedah,N.23 Pantai Merdeka,2,14493,Haji Shuaib bin Hj. Lazim,BN,001-UMNO,UMNO,3,BN,10384,59.81911400426292,1,won
1990-07-29,BY-ELECTION,Melaka,N.01 Kuala Linggi,1,2279,Ab. Ghani bin Long,BEBAS,000-BEBAS,BEBAS,0,ALONE,762,12.272507650185215,2,lost_deposit
1990-07-29,BY-ELECTION,Melaka,N.01 Kuala Linggi,2,6327,Ibrahim bin Durum,BN,001-UMNO,UMNO,3,BN,5447,87.72749234981478,1,won
1990-08-01,BY-ELECTION,Terengganu,N.30 Kijal,1,6146,Ahmad bin Said,BN,001-UMNO,UMNO,3,BN,3658,65.00799715656656,1,won
1990-08-01,BY-ELECTION,Terengganu,N.30 Kijal,2,5895,Ahmad Shabery bin Haji Cheek,S46,062-S46,S46,4,APU,1969,34.99200284343345,2,lost
1990-12-08,BY-ELECTION,Sabah,N.38 Sipitang,1,6533,Jamilah bt Sulaiman,PBS,054-PBS,PBS,5,GR,3436,51.19189511323003,1,won
1990-12-08,BY-ELECTION,Sabah,N.38 Sipitang,2,5828,Dr Hj. Yusof Hj. Yacob,BN,014-USNO,USNO,3,BN,3233,48.16746126340882,2,lost
1990-12-08,BY-ELECTION,Sabah,N.38 Sipitang,3,5019,Ismail bin Awang Adi @ Hadie Roy Ismadie,BEBAS,000-BEBAS,BEBAS,0,ALONE,43,0.6406436233611442,3,lost_deposit
1990-12-08,BY-ELECTION,Sabah,N.48 Sulabayan,1,4956,Marasal bin K. K. Lais,PBS,054-PBS,PBS,5,GR,4264,45.14557967178401,2,lost
1990-12-08,BY-ELECTION,Sabah,N.48 Sulabayan,2,7364,Haji Nasir bin Tan Sri Datuk Hj. Sakaran,BN,001-UMNO,UMNO,3,BN,5181,54.854420328215994,1,won
1991-05-04,BY-ELECTION,Kedah,N.21 Bayu,1,6565,Ustaz Md. Yusoff bin Ismail,PAS,004-PAS,PAS,4,APU,5953,38.41140792360305,2,lost
1991-05-04,BY-ELECTION,Kedah,N.21 Bayu,2,6791,Mohamad Sibi Ahmad,BN,001-UMNO,UMNO,3,BN,9545,61.58859207639695,1,won
1991-05-11,BY-ELECTION,Sabah,N.08 Usukan,1,1690,Tun Datu Haji Mustapha bin Datu Harun,BN,001-UMNO,UMNO,3,BN,5672,64.07591504744691,1,won
1991-05-11,BY-ELECTION,Sabah,N.08 Usukan,2,14492,Jap bin Omar,PBS,054-PBS,PBS,5,GR,3180,35.924084952553095,2,lost
1991-07-27,BY-ELECTION,Pulau Pinang,N.09 Prai,1,6156,V. Muthusamy,BN,002-MIC,MIC,3,BN,5182,54.449931701166335,1,won
1991-07-27,BY-ELECTION,Pulau Pinang,N.09 Prai,2,14484,Muniandy a/l Tarumalingan,BEBAS,000-BEBAS,BEBAS,0,ALONE,15,0.157612693075549,3,lost_deposit
1991-07-27,BY-ELECTION,Pulau Pinang,N.09 Prai,3,2551,Karpal Singh,DAP,021-DAP,DAP,5,GR,4320,45.39245560575812,2,lost
1991-08-24,BY-ELECTION,Kelantan,N.02 Sungai Pinang,1,5878,Haji Wan Ab. Rahman bin Wan Hassan,BEBAS,000-BEBAS,BEBAS,0,ALONE,25,0.23210472565221427,4,lost_deposit
1991-08-24,BY-ELECTION,Kelantan,N.02 Sungai Pinang,2,14491,Hj. Wan Mohamed b. Hj. Wan Abdullah,BEBAS,000-BEBAS,BEBAS,0,ALONE,38,0.3527991829913657,3,lost_deposit
1991-08-24,BY-ELECTION,Kelantan,N.02 Sungai Pinang,3,14490,Hj. Mahmud bin Hj. Yaakub,S46,062-S46,S46,4,APU,6351,58.963884504688515,1,won
1991-08-24,BY-ELECTION,Kelantan,N.02 Sungai Pinang,4,6072,Hj. Nordin bin Salleh,BN,001-UMNO,UMNO,3,BN,4357,40.45121158666791,2,lost
1991-08-24,BY-ELECTION,Kelantan,N.23 Limbongan,1,6838,Haji Samat,S46,062-S46,S46,4,APU,5808,57.26681127982647,1,won
1991-08-24,BY-ELECTION,Kelantan,N.23 Limbongan,2,3442,Haji Wan Mohd. Najib,BN,001-UMNO,UMNO,3,BN,4248,41.885229737724316,2,lost
1991-08-24,BY-ELECTION,Kelantan,N.23 Limbongan,3,14489,Ismail Seri Jaya,BEBAS,000-BEBAS,BEBAS,0,ALONE,60,0.5915992900808519,3,lost_deposit
1991-08-24,BY-ELECTION,Kelantan,N.23 Limbongan,4,14488,Pendi Hassan,BEBAS,000-BEBAS,BEBAS,0,ALONE,26,0.25635969236836914,4,lost_deposit
1991-12-14,BY-ELECTION,Melaka,N.17 Serkam,1,14487,Hj. Md. Said bin Omar,PAS,004-PAS,PAS,4,APU,2956,30.41152263374486,2,lost
1991-12-14,BY-ELECTION,Melaka,N.17 Serkam,2,14486,Hj Md Saleh bin Haji Md Ali,BN,001-UMNO,UMNO,3,BN,6764,69.58847736625515,1,won
1991-12-19,BY-ELECTION,Kedah,N.02 Jerlun,1,14485,Khalid bin Ahmad,BN,001-UMNO,UMNO,3,BN,10742,51.893719806763286,1,won
1991-12-19,BY-ELECTION,Kedah,N.02 Jerlun,2,14483,Ustaz Abdul Halim bin Arshad,PAS,004-PAS,PAS,4,APU,9958,48.106280193236714,2,lost
1992-03-04,BY-ELECTION,Kedah,P.010 Jerai,1,14482,Ustaz Nasir @ Che Pi b. Haji Othman,PAS,004-PAS,PAS,4,APU,10812,42.650887573964496,2,lost
1992-03-04,BY-ELECTION,Kedah,P.010 Jerai,2,6561,Haji Badruddin b. Amiruldin,BN,001-UMNO,UMNO,3,BN,14538,57.3491124260355,1,won
1992-04-21,BY-ELECTION,Terengganu,N.18 Bukit Payung,1,5339,Mazlan bin Awang,BN,001-UMNO,UMNO,3,BN,4401,52.31189825270415,1,won
1992-04-21,BY-ELECTION,Terengganu,N.18 Bukit Payung,2,5340,Hj. Baharudin @ Ismail bin Mohd.,PAS,004-PAS,PAS,4,APU,4012,47.68810174729585,2,lost
1992-08-22,BY-ELECTION,Sarawak,N.10 Batu Kawah,1,7214,Yap Chin Loi,BN,013-SUPP,SUPP,3,BN,0,,1,won_uncontested
1993-08-28,BY-ELECTION,Pahang,N.06 Batu Talam,1,3050,Tengku Puji Tengku Abdul Hamid,PAS,004-PAS,PAS,4,APU,2365,30.634715025906733,2,lost
1993-08-28,BY-ELECTION,Pahang,N.06 Batu Talam,2,6985,Syed Ali Syed Mohammad,BN,001-UMNO,UMNO,3,BN,5355,69.36528497409327,1,won
1993-10-13,BY-ELECTION,Terengganu,N.02 Kampung Raja,1,2568,Zakaria @ Ibrahim bin Abdul Rahman,S46,062-S46,S46,4,APU,3563,43.584097859327215,2,lost
1993-10-13,BY-ELECTION,Terengganu,N.02 Kampung Raja,2,14481,Mohd Noor bin Hussin,BN,001-UMNO,UMNO,3,BN,4612,56.41590214067278,1,won
1994-02-05,BY-ELECTION,Selangor,N.14 Sementa,1,3118,Haji Mohsinon b. Haji Tahir,PAS,004-PAS,PAS,4,APU,1861,19.069576800901732,2,lost
1994-02-05,BY-ELECTION,Selangor,N.14 Sementa,2,7070,Abd Rahman Palil,BN,001-UMNO,UMNO,3,BN,7898,80.93042319909827,1,won
1994-03-29,BY-ELECTION,Kelantan,N.09 Lundang,1,8306,Haji Nik Ab. Rahman b. Nik Taib,BN,001-UMNO,UMNO,3,BN,5024,35.147614383657476,2,lost
1994-03-29,BY-ELECTION,Kelantan,N.09 Lundang,2,6822,Ustaz Haji Mohamed Iraqi,PAS,004-PAS,PAS,4,APU,9270,64.85238561634252,1,won
1994-05-28,BY-ELECTION,Selangor,N.33 Shahbandar Raya,1,8564,M. P. Pupaalan,BEBAS,000-BEBAS,BEBAS,0,ALONE,871,4.876819708846584,3,lost_deposit
1994-05-28,BY-ELECTION,Selangor,N.33 Shahbandar Raya,2,4609,Subari bin Saman,BEBAS,000-BEBAS,BEBAS,0,ALONE,3080,17.245240761478165,2,lost
1994-05-28,BY-ELECTION,Selangor,N.33 Shahbandar Raya,3,14480,S. S. Rajagopal,BN,002-MIC,MIC,3,BN,13909,77.87793952967526,1,won
1995-01-28,BY-ELECTION,Sabah,N.48 Sulabayan,1,14479,Jatlani bin Ibnu Sarin,BEBAS,000-BEBAS,BEBAS,0,ALONE,155,1.3165718168691074,3,lost_deposit
1995-01-28,BY-ELECTION,Sabah,N.48 Sulabayan,2,9037,Ab. Azis b. Ab. Hamid,BEBAS,000-BEBAS,BEBAS,0,ALONE,2751,23.36702624649622,2,lost
1995-01-28,BY-ELECTION,Sabah,N.48 Sulabayan,3,14478,Amir Salleh bin Hj. Abdul Rahman,BEBAS,000-BEBAS,BEBAS,0,ALONE,103,0.8748832073388261,4,lost_deposit
1995-01-28,BY-ELECTION,Sabah,N.48 Sulabayan,4,7364,Haji Nasir Tan Sri Datuk Haji Sakaran,BN,001-UMNO,UMNO,3,BN,8764,74.44151872929584,1,won
1995-08-29,BY-ELECTION,Kelantan,P.032 Gua Musang,1,2057,Tengku Razaleigh Hamzah,S46,062-S46,S46,4,APU,13144,61.01569027945409,1,won
1995-08-29,BY-ELECTION,Kelantan,P.032 Gua Musang,2,1089,Husein Ahmad,BN,001-UMNO,UMNO,3,BN,8398,38.98430972054591,2,lost
1995-09-09,BY-ELECTION,Pulau Pinang,P.043 Bagan,1,6588,Yeoh Khoon Chooi,BN,003-MCA,MCA,3,BN,15364,36.061495129679614,2,lost
1995-09-09,BY-ELECTION,Pulau Pinang,P.043 Bagan,2,5367,Lim Hock Seng,DAP,021-DAP,DAP,0,ALONE,27166,63.7624691937566,1,won
1995-09-09,BY-ELECTION,Pulau Pinang,P.043 Bagan,3,6566,Tan Kee Chye,BEBAS,000-BEBAS,BEBAS,0,ALONE,75,0.1760356765637836,3,lost_deposit
1996-01-15,BY-ELECTION,Pahang,P.075 Lipis,1,7448,Amihamzah bin Ahmad,BN,001-UMNO,UMNO,3,BN,0,,1,won_uncontested
1996-06-22,BY-ELECTION,Melaka,N.08 Bukit Asahan,1,7910,R. Raghavan,BN,002-MIC,MIC,3,BN,4777,67.6341497947048,1,won
1996-06-22,BY-ELECTION,Melaka,N.08 Bukit Asahan,2,6331,Hj. Minghat bin Mamut,PAS,004-PAS,PAS,0,ALONE,1259,17.825286705365993,2,lost
1996-06-22,BY-ELECTION,Melaka,N.08 Bukit Asahan,3,14476,Loh Ah Boo,DAP,021-DAP,DAP,0,ALONE,1027,14.54056349992921,3,lost
1997-01-06,BY-ELECTION,Kelantan,N.32 Pulai Chondong,1,14477,Hj. Yusoff bin Hj. Hamzah,BN,001-UMNO,UMNO,3,BN,4660,49.374867556685736,2,lost
1997-01-06,BY-ELECTION,Kelantan,N.32 Pulai Chondong,2,7645,Zulkifli Mamat,PAS,004-PAS,PAS,0,ALONE,4778,50.62513244331426,1,won
1997-03-16,BY-ELECTION,Sarawak,N.22 Bukit Begunan,1,6421,Cikgu Jack ak. Bujang,BEBAS,000-BEBAS,BEBAS,0,ALONE,1025,15.378844711177795,2,lost
1997-03-16,BY-ELECTION,Sarawak,N.22 Bukit Begunan,2,7221,Mong anak Dagang,BN,049-PBDS,PBDS,3,BN,5640,84.62115528882221,1,won
1997-05-17,BY-ELECTION,Perak,P.073 Telok Intan,1,14475,Dr. Chee See Choke,BN,026-GERAKAN,GERAKAN,3,BN,12091,44.619529116539965,2,lost
1997-05-17,BY-ELECTION,Perak,P.073 Telok Intan,2,6954,M. Kulasegaran a/l V. Murugeson,DAP,021-DAP,DAP,0,ALONE,15007,55.380470883460035,1,won
1997-05-25,BY-ELECTION,Sarawak,N.52 Kemena,1,3266,Datuk Celestine Ujang ak Jilan,BN,029-PBB,PBB,3,BN,6928,82.623732856291,1,won
1997-05-25,BY-ELECTION,Sarawak,N.52 Kemena,2,5707,Chiew Chiu Sing,DAP,021-DAP,DAP,0,ALONE,1457,17.376267143709004,2,lost
1997-05-29,BY-ELECTION,Selangor,P.089 Kuala Selangor,1,6266,Dato' Jamaluddin Adnan,BN,001-UMNO,UMNO,3,BN,24034,81.05902192242833,1,won
1997-05-29,BY-ELECTION,Selangor,P.089 Kuala Selangor,2,14474,Ustaz Ahmad bin Alang,PAS,004-PAS,PAS,0,ALONE,5616,18.940978077571668,2,lost
1997-05-29,BY-ELECTION,Selangor,N.10 Permatang,1,14473,Hj Mohd Maskuri bin Hj Mardzuki,PAS,004-PAS,PAS,0,ALONE,1810,15.87719298245614,2,lost
1997-05-29,BY-ELECTION,Selangor,N.10 Permatang,2,3495,Abu Hassan Omar,BN,001-UMNO,UMNO,3,BN,9590,84.12280701754385,1,won
1997-05-29,BY-ELECTION,Negeri Sembilan,N.11 Repah,1,5585,Wong Yauk @ Wong Zee Nyok,DAP,021-DAP,DAP,0,ALONE,2231,32.900752101459965,2,lost
1997-05-29,BY-ELECTION,Negeri Sembilan,N.11 Repah,2,7873,Gan Chin Yap [Gary],BN,003-MCA,MCA,3,BN,4550,67.09924789854004,1,won
1997-06-14,BY-ELECTION,Melaka,N.03 Melekek,1,14472,J. Appalasamy,BEBAS,000-BEBAS,BEBAS,0,ALONE,128,2.730957968850011,2,lost_deposit
1997-06-14,BY-ELECTION,Melaka,N.03 Melekek,2,7902,Nawi Ahmad,BN,001-UMNO,UMNO,3,BN,4559,97.26904203115,1,won
1997-08-11,BY-ELECTION,Kelantan,N.30 Semerak,1,7401,Mohd Din bin Nizam Din,BERJASA,036-BERJASA,BERJASA,0,ALONE,27,0.2702973270597658,3,lost_deposit
1997-08-11,BY-ELECTION,Kelantan,N.30 Semerak,2,5885,Haji Kamarudin Md. Nor,BN,001-UMNO,UMNO,3,BN,5370,53.75913504855341,1,won
1997-08-11,BY-ELECTION,Kelantan,N.30 Semerak,3,14471,Wan Fauzi,PAS,004-PAS,PAS,0,ALONE,4592,45.970567624386824,2,lost
1997-10-26,BY-ELECTION,Sarawak,N.53 Kidurong,1,6018,Asbor b. Hj. Abdullah,BEBAS,000-BEBAS,BEBAS,0,ALONE,29,0.259577515216613,4,lost_deposit
1997-10-26,BY-ELECTION,Sarawak,N.53 Kidurong,2,6473,Michael Sim Kiam Hui,BN,013-SUPP,SUPP,3,BN,5723,51.22627998567848,1,won
1997-10-26,BY-ELECTION,Sarawak,N.53 Kidurong,3,7251,Wong Sing Ai,DAP,021-DAP,DAP,0,ALONE,5339,47.7891156462585,2,lost
1997-10-26,BY-ELECTION,Sarawak,N.53 Kidurong,4,14470,Ding anak Ringkai,BEBAS,000-BEBAS,BEBAS,0,ALONE,81,0.7250268528464017,3,lost_deposit
1997-11-08,BY-ELECTION,Pulau Pinang,N.16 Sungai Bakap,1,6162,Cikgu Harith bin Ahmad,BEBAS,000-BEBAS,BEBAS,0,ALONE,1758,16.962562717097647,3,lost
1997-11-08,BY-ELECTION,Pulau Pinang,N.16 Sungai Bakap,2,8372,Mittai Ganesh,BEBAS,000-BEBAS,BEBAS,0,ALONE,26,0.2508683905827866,4,lost_deposit
1997-11-08,BY-ELECTION,Pulau Pinang,N.16 Sungai Bakap,3,5375,Goh Kheng Huat,DAP,021-DAP,DAP,0,ALONE,3570,34.44615978386723,2,lost
1997-11-08,BY-ELECTION,Pulau Pinang,N.16 Sungai Bakap,4,7703,Lai Chew Hock,BN,026-GERAKAN,GERAKAN,3,BN,5010,48.340409108452334,1,won
1997-11-08,BY-ELECTION,Perak,N.11 Changkat Jering,1,7727,Ustaz Idris bin Haji Ahmad,PAS,004-PAS,PAS,0,ALONE,3677,33.74013580473481,2,lost
1997-11-08,BY-ELECTION,Perak,N.11 Changkat Jering,2,7728,Mat Isa bin Ismail,BN,001-UMNO,UMNO,3,BN,7221,66.25986419526518,1,won
1998-07-04,BY-ELECTION,Perlis,P.003 Arau,1,6045,Hashim bin Hj Jasin,PAS,004-PAS,PAS,0,ALONE,12864,52.71051014136447,1,won
1998-07-04,BY-ELECTION,Perlis,P.003 Arau,2,8891,Ismail bin Kassim,BN,001-UMNO,UMNO,3,BN,11541,47.28948985863553,2,lost
2000-04-01,BY-ELECTION,Pahang,N.26 Sanggang,1,8495,Ustaz Redzwan bin Harun,BN,001-UMNO,UMNO,3,BN,6743,58.51774711446672,1,won
2000-04-01,BY-ELECTION,Pahang,N.26 Sanggang,2,2629,Dato' Hishamuddin bin Haji Yahaya,PAS,004-PAS,PAS,6,BA,4780,41.482252885533285,2,lost
2000-06-10,BY-ELECTION,Negeri Sembilan,P.119 Telok Kemang,1,8163,S. Sothinathan,BN,002-MIC,MIC,3,BN,24500,56.93966719345542,1,won
2000-06-10,BY-ELECTION,Negeri Sembilan,P.119 Telok Kemang,2,7495,Haji Ruslan Haji Kasim,PKN,075-PKN,PKN,6,BA,18528,43.06033280654458,2,lost
2000-11-29,BY-ELECTION,Kedah,N.34 Lunas,1,7609,N. Letchumanan (Kattu Raja),BEBAS,000-BEBAS,BEBAS,0,ALONE,50,0.2434037581540259,3,lost_deposit
2000-11-29,BY-ELECTION,Kedah,N.34 Lunas,2,7395,Saifuddin Nasution Ismail,PKN,075-PKN,PKN,6,BA,10511,51.16833803913933,1,won
2000-11-29,BY-ELECTION,Kedah,N.34 Lunas,3,14469,S. Anthonysamy,BN,002-MIC,MIC,3,BN,9981,48.588258202706655,2,lost
2001-07-21,BY-ELECTION,Sabah,N.13 Likas,1,4897,Yong Teck Lee,BN,068-SAPP,SAPP,3,BN,9758,70.97243435886246,1,won
2001-07-21,BY-ELECTION,Sabah,N.13 Likas,2,5005,Kong Yun Chee [Joshua],BEBAS,000-BEBAS,BEBAS,0,ALONE,50,0.3636628118408612,4,lost_deposit
2001-07-21,BY-ELECTION,Sabah,N.13 Likas,3,5202,Liew Chin Jin [Christina],PKN,075-PKN,PKN,6,BA,1724,12.539093752272892,3,lost
2001-07-21,BY-ELECTION,Sabah,N.13 Likas,4,5196,Chong Eng Leong @ Ching Eng Leong,PBS,054-PBS,PBS,0,ALONE,2217,16.124809077023784,2,lost
2002-01-19,BY-ELECTION,Perlis,N.08 Indera Kayangan,1,8249,Khoo Yang Chong @ Cikgu Khoo,PKN,075-PKN,PKN,6,BA,1687,28.276902447200804,2,lost
2002-01-19,BY-ELECTION,Perlis,N.08 Indera Kayangan,2,8248,Oui Ah Lan @ Ng Ah Lan @ Cikgu Oui Ah Lan,BN,003-MCA,MCA,3,BN,4279,71.7230975527992,1,won
2002-04-01,BY-ELECTION,Pahang,N.29 Ketari,1,7012,Choong Siew Onn,DAP,021-DAP,DAP,0,ALONE,4949,40.89406709634771,2,lost
2002-04-01,BY-ELECTION,Pahang,N.29 Ketari,2,14468,Yum Ah Ha @ Yim Ah Ha,BN,026-GERAKAN,GERAKAN,3,BN,7153,59.10593290365229,1,won
2002-07-18,BY-ELECTION,Kedah,P.011 Pendang,1,8070,Mohd Hayati bin Othman @ Dr. Mohd Hayati Hj Othman,PAS,004-PAS,PAS,6,BA,22542,49.68809927921176,2,lost
2002-07-18,BY-ELECTION,Kedah,P.011 Pendang,2,5051,Othman bin Abdul @ Dato' Othman Abdul,BN,001-UMNO,UMNO,3,BN,22825,50.31190072078824,1,won
2002-07-18,BY-ELECTION,Kedah,N.15 Anak Bukit,1,4358,Karia @ Zakaria bin Said @ Mohd Said @ Dato' Hj. Zakaria Said,BN,001-UMNO,UMNO,3,BN,7790,48.421183490800594,2,lost
2002-07-18,BY-ELECTION,Kedah,N.15 Anak Bukit,2,7382,Amiruddin bin Hamzah @ Hj Amiruddin Hj Hamzah,PAS,004-PAS,PAS,6,BA,8298,51.5788165091994,1,won
2002-10-12,BY-ELECTION,Sabah,P.121 Gaya,1,5798,Hiew King Cheu,DAP,021-DAP,DAP,0,ALONE,3716,16.91551347414421,2,lost
2002-10-12,BY-ELECTION,Sabah,P.121 Gaya,2,5202,Liew Chin Jin @ Christina Liew,PKN,075-PKN,PKN,6,BA,2613,11.894573925710123,3,lost_deposit
2002-10-12,BY-ELECTION,Sabah,P.121 Gaya,3,8743,Liew Teck Chan,BN,068-SAPP,SAPP,3,BN,15639,71.18991260014566,1,won
2004-08-28,BY-ELECTION,Terengganu,N.23 Kuala Berang,1,9170,Mohd Zawawi bin Ismail,BN,001-UMNO,UMNO,3,BN,6051,60.25092103953003,1,won
2004-08-28,BY-ELECTION,Terengganu,N.23 Kuala Berang,2,3526,Haji Muhyidin bin Abdul Rashid,PAS,004-PAS,PAS,6,BA,3992,39.74907896046998,2,lost
2004-09-18,BY-ELECTION,Sarawak,N.70 Ba'kelalan,1,8888,Balang Rining [Nelson],BN,077-SPDP,SPDP,3,BN,2843,67.14690599905526,1,won
2004-09-18,BY-ELECTION,Sarawak,N.70 Ba'kelalan,2,6481,Baru Bian,BEBAS,000-BEBAS,BEBAS,0,ALONE,1391,32.85309400094473,2,lost
2005-12-06,BY-ELECTION,Kelantan,N.12 Pengkalan Pasir,1,5882,Hj. Hanafi Mamat,BN,001-UMNO,UMNO,3,BN,7422,49.07107438016529,1,won
2005-12-06,BY-ELECTION,Kelantan,N.12 Pengkalan Pasir,2,14467,Hanifa Mat Yatim [Hanifa bin Ahmad],PAS,004-PAS,PAS,0,ALONE,7288,48.18512396694215,2,lost
2005-12-06,BY-ELECTION,Kelantan,N.12 Pengkalan Pasir,3,5062,Dato' Ibrahim Ali,BEBAS,000-BEBAS,BEBAS,0,ALONE,415,2.743801652892562,3,lost_deposit
2007-01-28,BY-ELECTION,Pahang,N.06 Batu Talam,1,9264,Abdul Aziz bin Haji Mat Kiram,BN,001-UMNO,UMNO,3,BN,6276,93.74159820761763,1,won
2007-01-28,BY-ELECTION,Pahang,N.06 Batu Talam,2,14466,Ng Chee Pang,BEBAS,000-BEBAS,BEBAS,0,ALONE,419,6.258401792382375,2,lost_deposit
2007-04-12,BY-ELECTION,Melaka,N.08 Machap,1,9403,Lai Meng Chong,BN,003-MCA,MCA,3,BN,5533,79.21259842519684,1,won
2007-04-12,BY-ELECTION,Melaka,N.08 Machap,2,8623,Liou Chen Kuang,DAP,021-DAP,DAP,0,ALONE,1452,20.787401574803148,2,lost
2007-04-28,BY-ELECTION,Selangor,N.11 Ijok,1,8982,Tan Sri Dato' Abdul Khalid Ibrahim,PKR,078-PKR,PKR,0,ALONE,4034,40.67352288767897,2,lost
2007-04-28,BY-ELECTION,Selangor,N.11 Ijok,2,9309,K. R. Parthiban [Parthiban a/l Karuppiah],BN,002-MIC,MIC,3,BN,5884,59.32647711232103,1,won
2008-08-26,BY-ELECTION,Pulau Pinang,P.044 Permatang Pauh,1,9567,Haji Pi,AKIM,070-AKIM,AKIM,0,ALONE,92,0.19653500245668754,3,lost_deposit
2008-08-26,BY-ELECTION,Pulau Pinang,P.044 Permatang Pauh,2,4199,Anwar Ibrahim,PKR,078-PKR,PKR,7,PR,31195,66.64031958300399,1,won
2008-08-26,BY-ELECTION,Pulau Pinang,P.044 Permatang Pauh,3,8365,Datuk Arif Shah Bin Omar Shah,BN,001-UMNO,UMNO,3,BN,15524,33.16314541453932,2,lost
2009-01-17,BY-ELECTION,Terengganu,P.036 Kuala Terengganu,1,9568,Dato' Wan Ahmad Farid,BN,001-UMNO,UMNO,3,BN,30252,47.77033855482567,2,lost
2009-01-17,BY-ELECTION,Terengganu,P.036 Kuala Terengganu,2,5335,Haji Mohd Abdul Wahid Bin Endut,PAS,004-PAS,PAS,7,PR,32883,51.92489893885801,1,won
2009-01-17,BY-ELECTION,Terengganu,P.036 Kuala Terengganu,3,9569,Azharudin,BEBAS,000-BEBAS,BEBAS,0,ALONE,193,0.3047625063163214,3,lost_deposit
2009-04-07,BY-ELECTION,Kedah,N.25 Bukit Selambau,1,9570,R. Loganathan,BEBAS,000-BEBAS,BEBAS,0,ALONE,31,0.12816802414520198,13,lost_deposit
2009-04-07,BY-ELECTION,Kedah,N.25 Bukit Selambau,2,9571,Tan Hock Huat,BEBAS,000-BEBAS,BEBAS,0,ALONE,78,0.32248728655889525,6,lost_deposit
2009-04-07,BY-ELECTION,Kedah,N.25 Bukit Selambau,3,9572,Radzi,BEBAS,000-BEBAS,BEBAS,0,ALONE,25,0.10336130979451771,15,lost_deposit
2009-04-07,BY-ELECTION,Kedah,N.25 Bukit Selambau,4,9573,S. Manikumar,PKR,078-PKR,PKR,7,PR,12632,52.226402612973914,1,won
2009-04-07,BY-ELECTION,Kedah,N.25 Bukit Selambau,5,9574,Mohd Fazil,BEBAS,000-BEBAS,BEBAS,0,ALONE,83,0.3431595485177988,5,lost_deposit
2009-04-07,BY-ELECTION,Kedah,N.25 Bukit Selambau,6,9575,Abdul Rahim Bin Abu,BEBAS,000-BEBAS,BEBAS,0,ALONE,60,0.2480671435068425,8,lost_deposit
2009-04-07,BY-ELECTION,Kedah,N.25 Bukit Selambau,7,9576,Sarala,BEBAS,000-BEBAS,BEBAS,0,ALONE,49,0.20258816719725473,9,lost_deposit
2009-04-07,BY-ELECTION,Kedah,N.25 Bukit Selambau,8,8287,Dato' S. Ganesan,BN,002-MIC,MIC,3,BN,10229,42.29131351552487,2,lost
2009-04-07,BY-ELECTION,Kedah,N.25 Bukit Selambau,9,6053,A.J. Gopal,BEBAS,000-BEBAS,BEBAS,0,ALONE,35,0.1447058337123248,11,lost_deposit
2009-04-07,BY-ELECTION,Kedah,N.25 Bukit Selambau,10,9577,S. Mogan,BEBAS,000-BEBAS,BEBAS,0,ALONE,46,0.1901848100219126,10,lost_deposit
2009-04-07,BY-ELECTION,Kedah,N.25 Bukit Selambau,11,9578,Khamis Bin Awang,BEBAS,000-BEBAS,BEBAS,0,ALONE,29,0.11989911936164054,14,lost_deposit
2009-04-07,BY-ELECTION,Kedah,N.25 Bukit Selambau,12,9579,Husaini Yaacob,BEBAS,000-BEBAS,BEBAS,0,ALONE,257,1.062554264687642,4,lost_deposit
2009-04-07,BY-ELECTION,Kedah,N.25 Bukit Selambau,13,9580,Vinsen,BEBAS,000-BEBAS,BEBAS,0,ALONE,32,0.13230247653698265,12,lost_deposit
2009-04-07,BY-ELECTION,Kedah,N.25 Bukit Selambau,14,9581,Mejar Hj. Anuar Bin Abdul Hamid,BEBAS,000-BEBAS,BEBAS,0,ALONE,528,2.182990862860214,3,lost_deposit
2009-04-07,BY-ELECTION,Kedah,N.25 Bukit Selambau,15,9582,T Chandrarajan,BEBAS,000-BEBAS,BEBAS,0,ALONE,73,0.3018150245999917,7,lost_deposit
2009-04-07,BY-ELECTION,Sarawak,N.29 Batang Air,1,6012,Jawah Anak Gerang,PKR,078-PKR,PKR,7,PR,2053,34.446308724832214,2,lost
2009-04-07,BY-ELECTION,Sarawak,N.29 Batang Air,2,9585,Malcom Mussen Lamoh,BN,080-PRS-SWK,PRS,3,BN,3907,65.55369127516778,1,won
2009-04-07,BY-ELECTION,Perak,P.059 Bukit Gantang,1,9583,Ismail Saffian,BN,001-UMNO,UMNO,3,BN,19071,46.52257702534579,2,lost
2009-04-07,BY-ELECTION,Perak,P.059 Bukit Gantang,2,8109,Ir. Hj. Mohammad Nizar Jamaluddin,PAS,004-PAS,PAS,7,PR,21860,53.32617764008489,1,won
2009-04-07,BY-ELECTION,Perak,P.059 Bukit Gantang,3,9584,Kamarul Ramizu,BEBAS,000-BEBAS,BEBAS,0,ALONE,62,0.15124533456931671,3,lost_deposit
2009-05-31,BY-ELECTION,Pulau Pinang,N.12 Penanti,1,7423,Mansor Bin Othman,PKR,078-PKR,PKR,7,PR,6052,86.5313125536174,1,won
2009-05-31,BY-ELECTION,Pulau Pinang,N.12 Penanti,2,9586,Kak Min,BEBAS,000-BEBAS,BEBAS,0,ALONE,392,5.60480411781527,3,lost_deposit
2009-05-31,BY-ELECTION,Pulau Pinang,N.12 Penanti,3,9587,Nai Khan Ari,BEBAS,000-BEBAS,BEBAS,0,ALONE,494,7.063197026022305,2,lost_deposit
2009-05-31,BY-ELECTION,Pulau Pinang,N.12 Penanti,4,9588,Paduka Ramizu,BEBAS,000-BEBAS,BEBAS,0,ALONE,56,0.8006863025450386,4,lost_deposit
2009-07-14,BY-ELECTION,Kelantan,N.41 Manek Urai,1,9589,Mohd Fauzi Bin Abdullah,PAS,004-PAS,PAS,7,PR,5348,50.30570971686576,1,won
2009-07-14,BY-ELECTION,Kelantan,N.41 Manek Urai,2,9590,Tuan Aziz Bin Tuan Hamat @ Tuan Mat,BN,001-UMNO,UMNO,3,BN,5283,49.69429028313423,2,lost
2009-08-25,BY-ELECTION,Pulau Pinang,N.11 Permatang Pasir,1,5364,Mohd Salleh Bin Man,PAS,004-PAS,PAS,7,PR,9618,65.49540347293157,1,won
2009-08-25,BY-ELECTION,Pulau Pinang,N.11 Permatang Pasir,2,9591,Rohaizat Bin Othman,BN,001-UMNO,UMNO,3,BN,5067,34.504596527068436,2,lost
2009-10-11,BY-ELECTION,Negeri Sembilan,N.31 Bagan Pinang,1,3897,Mohd Isa Bin Abdul Samad,BN,001-UMNO,UMNO,3,BN,8013,75.65857803795676,1,won
2009-10-11,BY-ELECTION,Negeri Sembilan,N.31 Bagan Pinang,2,7885,Zulkefly Mohamad Bin Omar,PAS,004-PAS,PAS,7,PR,2578,24.341421962043245,2,lost
2010-04-25,BY-ELECTION,Selangor,P.094 Hulu Selangor,1,9592,P.Kamalanathan,BN,002-MIC,MIC,3,BN,24997,51.786861132403814,1,won
2010-04-25,BY-ELECTION,Selangor,P.094 Hulu Selangor,2,8077,Datuk Zaid Ibrahim,PKR,078-PKR,PKR,7,PR,23272,48.21313886759618,2,lost
2010-05-16,BY-ELECTION,Sarawak,P.212 Sibu,1,9593,Robert Lau Hui Yew,BN,013-SUPP,SUPP,3,BN,18447,49.16053725615606,2,lost
2010-05-16,BY-ELECTION,Sarawak,P.212 Sibu,2,6733,Narawi Bin Haron,BEBAS,000-BEBAS,BEBAS,0,ALONE,232,0.6182709732437907,3,lost_deposit
2010-05-16,BY-ELECTION,Sarawak,P.212 Sibu,3,5229,Wong Ho Leng,DAP,021-DAP,DAP,7,PR,18845,50.22119177060015,1,won
2010-11-04,BY-ELECTION,Kelantan,N.45 Galas,1,9594,Ab Aziz Bin Yusoff,BN,001-UMNO,UMNO,3,BN,5324,56.29097060689363,1,won
2010-11-04,BY-ELECTION,Kelantan,N.45 Galas,2,8915,Dr. Zul,PAS,004-PAS,PAS,7,PR,4134,43.70902939310636,2,lost
2010-11-04,BY-ELECTION,Sabah,P.185 Batu Sapi,1,4077,Haji Ansari Bin Abdullah,PKR,078-PKR,PKR,7,PR,3414,22.433959784465767,2,lost
2010-11-04,BY-ELECTION,Sabah,P.185 Batu Sapi,2,4897,Yong Teck Lee,SAPP,068-SAPP,SAPP,0,ALONE,2031,13.346037587067947,3,lost
2010-11-04,BY-ELECTION,Sabah,P.185 Batu Sapi,3,9595,Tsen Thau Lin,BN,054-PBS,PBS,3,BN,9773,64.22000262846629,1,won
2011-01-30,BY-ELECTION,Johor,N.05 Tenang,1,9596,Cikgu Mala,PAS,004-PAS,PAS,7,PR,2992,30.87400681044268,2,lost
2011-01-30,BY-ELECTION,Johor,N.05 Tenang,2,9597,Mohd Azahar Bin Ibrahim,BN,001-UMNO,UMNO,3,BN,6699,69.12599318955732,1,won
2011-03-06,BY-ELECTION,Melaka,N.27 Merlimau,1,9599,Roslan Bin Ahmad,BN,001-UMNO,UMNO,3,BN,5962,71.99613573239947,1,won
2011-03-06,BY-ELECTION,Melaka,N.27 Merlimau,2,9600,Haji Yuhaizad Bin Abdullah,PAS,004-PAS,PAS,7,PR,2319,28.00386426760053,2,lost
2011-03-06,BY-ELECTION,Pahang,N.28 Kerdau,1,9598,Syed Ibrahim,BN,001-UMNO,UMNO,3,BN,5060,68.41535965386696,1,won
2011-03-06,BY-ELECTION,Pahang,N.28 Kerdau,2,8498,Hassanuddin Bin Salim,PAS,004-PAS,PAS,7,PR,2336,31.584640346133046,2,lost
2013-07-24,BY-ELECTION,Terengganu,N.01 Kuala Besut,1,10715,Tengku Zaihan Bin Che Ku Abd Rahman,BN,001-UMNO,UMNO,3,BN,8288,59.26773455377574,1,won
2013-07-24,BY-ELECTION,Terengganu,N.01 Kuala Besut,2,10716,Endot @Azlan Bin Yusof,PAS,004-PAS,PAS,7,PR,5696,40.73226544622426,2,lost
2013-11-04,BY-ELECTION,Kedah,N.20 Sungai Limau,1,10717,Dr Haji Sohaimi Lazim,BN,001-UMNO,UMNO,3,BN,10985,47.64899800468466,2,lost
2013-11-04,BY-ELECTION,Kedah,N.20 Sungai Limau,2,10718,Ustaz Mohd Azam Bin Abd Samat,PAS,004-PAS,PAS,7,PR,12069,52.35100199531535,1,won
2014-03-23,BY-ELECTION,Selangor,N.25 Kajang,1,7468,Chew Mei Fun,BN,003-MCA,MCA,3,BN,11362,40.4298473472583,2,lost
2014-03-23,BY-ELECTION,Selangor,N.25 Kajang,2,7419,Wan Azizah Wan Ismail,PKR,078-PKR,PKR,7,PR,16741,59.570152652741704,1,won
2014-03-29,BY-ELECTION,Sarawak,N.51 Balingian,1,10719,Yussibnosh Balo,BN,029-PBB,PBB,3,BN,8194,86.46196053603461,1,won
2014-03-29,BY-ELECTION,Sarawak,N.51 Balingian,2,9689,Abdul Jalil Bin Bujang,PKR,078-PKR,PKR,7,PR,1283,13.53803946396539,2,lost
2014-05-25,BY-ELECTION,Pulau Pinang,P.051 Bukit Gelugor,1,8094,Huan Cheng Guan,PCM,082-PCM,PCM,0,ALONE,3583,7.8147833104320705,2,lost_deposit
2014-05-25,BY-ELECTION,Pulau Pinang,P.051 Bukit Gelugor,2,10720,Mohamed Nabi,BEBAS,000-BEBAS,BEBAS,0,ALONE,799,1.7426770485724878,3,lost_deposit
2014-05-25,BY-ELECTION,Pulau Pinang,P.051 Bukit Gelugor,3,10721,Ramkarpal Singh,DAP,021-DAP,DAP,7,PR,41242,89.95179829440119,1,won
2014-05-25,BY-ELECTION,Pulau Pinang,P.051 Bukit Gelugor,4,10722,Abu Backer Sidek,BEBAS,000-BEBAS,BEBAS,0,ALONE,225,0.49074134659425506,4,lost_deposit
2014-05-31,BY-ELECTION,Perak,P.076 Telok Intan,1,6979,Mah Siew Keong,BN,003-MCA,MCA,3,BN,20157,50.29693582193831,1,won
2014-05-31,BY-ELECTION,Perak,P.076 Telok Intan,2,10723,Dyana Sofya Binti Mohd Daud,DAP,021-DAP,DAP,7,PR,19919,49.70306417806169,2,lost
2014-09-25,BY-ELECTION,Kelantan,N.01 Pengkalan Kubor,1,10052,Izat Bukhary,BEBAS,000-BEBAS,BEBAS,0,ALONE,38,0.21933621933621933,3,lost_deposit
2014-09-25,BY-ELECTION,Kelantan,N.01 Pengkalan Kubor,2,10724,Wan Rosdi,PAS,004-PAS,PAS,7,PR,7326,42.285714285714285,2,lost
2014-09-25,BY-ELECTION,Kelantan,N.01 Pengkalan Kubor,3,10725,Ustaz Mat Razi,BN,001-UMNO,UMNO,3,BN,9961,57.4949494949495,1,won
2015-03-22,BY-ELECTION,Kelantan,N.06 Chempaka,1,8907,Kak Lah,BEBAS,000-BEBAS,BEBAS,0,ALONE,89,0.7495999326202308,3,lost_deposit
2015-03-22,BY-ELECTION,Kelantan,N.06 Chempaka,2,10726,Ustaz Fathan,PAS,004-PAS,PAS,7,PR,10899,91.79651309694265,1,won
2015-03-22,BY-ELECTION,Kelantan,N.06 Chempaka,3,10052,Izat Bukhary,BEBAS,000-BEBAS,BEBAS,0,ALONE,51,0.4295460288048513,4,lost_deposit
2015-03-22,BY-ELECTION,Kelantan,N.06 Chempaka,4,10727,Aslah Bin Mamat,BEBAS,000-BEBAS,BEBAS,0,ALONE,27,0.22740672113198013,5,lost_deposit
2015-03-22,BY-ELECTION,Kelantan,N.06 Chempaka,5,10728,Hj. Sharif,BEBAS,000-BEBAS,BEBAS,0,ALONE,807,6.796934220500295,2,lost_deposit
2015-05-05,BY-ELECTION,Pahang,P.091 Rompin,1,10729,Ustaz Nazri Bin Haji Ahmad,PAS,004-PAS,PAS,7,PR,14901,38.50686099697651,2,lost
2015-05-05,BY-ELECTION,Pahang,P.091 Rompin,2,4564,Dato' Hasan Bin Arifin,BN,001-UMNO,UMNO,3,BN,23796,61.49313900302349,1,won
2015-05-07,BY-ELECTION,Pulau Pinang,P.044 Permatang Pauh,1,10730,Suhaimi Bin Sabudin,BN,001-UMNO,UMNO,3,BN,21475,41.09340017987332,2,lost
2015-05-07,BY-ELECTION,Pulau Pinang,P.044 Permatang Pauh,2,10731,Salleh Bin Isahak,BEBAS,000-BEBAS,BEBAS,0,ALONE,367,0.7022713790925965,3,lost_deposit
2015-05-07,BY-ELECTION,Pulau Pinang,P.044 Permatang Pauh,3,7419,Dr Wan Azizah Wan Ismail,PKR,078-PKR,PKR,7,PR,30316,58.01106029583421,1,won
2015-05-07,BY-ELECTION,Pulau Pinang,P.044 Permatang Pauh,4,10732,Azman Shah,PRM,009-PRM,PRM,0,ALONE,101,0.19326814519986987,4,lost_deposit
2016-06-18,BY-ELECTION,Perak,P.067 Kuala Kangsar,1,10052,Izat Bukhary,BEBAS,000-BEBAS,BEBAS,0,ALONE,54,0.23201856148491878,4,lost_deposit
2016-06-18,BY-ELECTION,Perak,P.067 Kuala Kangsar,2,8946,Dr. Najihatussalehah Ahmad,PAS,004-PAS,PAS,9,GS,5684,24.422101916301454,2,lost
2016-06-18,BY-ELECTION,Perak,P.067 Kuala Kangsar,3,10863,Datin Mastura Yazid,BN,001-UMNO,UMNO,3,BN,12653,54.365386267938476,1,won
2016-06-18,BY-ELECTION,Perak,P.067 Kuala Kangsar,4,10864,Dr Ahmad Termizi Ramli,AMANAH,046-AMANAH,AMANAH,8,PH,4883,20.980493254275157,3,lost
2016-06-18,BY-ELECTION,Selangor,P.093 Sungai Besar,1,8554,Dr. Rani,PAS,004-PAS,PAS,9,GS,6902,22.04337133914599,3,lost
2016-06-18,BY-ELECTION,Selangor,P.093 Sungai Besar,2,10319,Budiman Bin Mohd Zohdi,BN,001-UMNO,UMNO,3,BN,16800,53.65526492287056,1,won
2016-06-18,BY-ELECTION,Selangor,P.093 Sungai Besar,3,10865,Ustaz Azhar,AMANAH,046-AMANAH,AMANAH,8,PH,7609,24.301363737983454,2,lost
2017-02-18,BY-ELECTION,Sarawak,N.03 Tanjong Datu,1,10866,Jamilah Anu,BN,029-PBB,PBB,3,BN,6573,96.50565262076053,1,won
2017-02-18,BY-ELECTION,Sarawak,N.03 Tanjong Datu,2,9953,Johnny Bob Ak Aput,STAR,072-STAR-SWK,STAR,0,ALONE,108,1.585670239318749,3,lost_deposit
2017-02-18,BY-ELECTION,Sarawak,N.03 Tanjong Datu,3,10772,Rapelson Richard Hamit,PBDSB,049-PBDSB,PBDSB,0,ALONE,130,1.9086771399207165,2,lost_deposit
2018-08-04,BY-ELECTION,Selangor,N.49 Sungai Kandis,1,7512,Dato' Lokman Noor Bin Adam,BN,001-UMNO,UMNO,3,BN,9585,38.17356326416822,2,lost
2018-08-04,BY-ELECTION,Selangor,N.49 Sungai Kandis,2,12134,K.Murthy PJK,BEBAS,000-BEBAS,BEBAS,0,ALONE,97,0.3863156637062408,3,lost_deposit
2018-08-04,BY-ELECTION,Selangor,N.49 Sungai Kandis,3,12135,Mohd Zawawi Bin Ahmad Mughni,PKR,078-PKR,PKR,8,PH,15427,61.44012107212553,1,won
2018-09-08,BY-ELECTION,Selangor,N.27 Balakong,1,12136,Tan Chee Teong,MCA,003-MCA,MCA,3,BN,3975,15.00962881848733,2,lost
2018-09-08,BY-ELECTION,Selangor,N.27 Balakong,2,12137,Wong Siew Ki,PH,021-DAP,DAP,8,PH,22508,84.99037118151267,1,won
2018-09-08,BY-ELECTION,Selangor,N.32 Seri Setia,1,12138,Halimey Bin Abu Bakar,PH,078-PKR,PKR,8,PH,13725,58.596251547624135,1,won
2018-09-08,BY-ELECTION,Selangor,N.32 Seri Setia,2,8558,Dr Halimah Ali,PAS,004-PAS,PAS,9,GS,9698,41.40374845237587,2,lost
2018-10-13,BY-ELECTION,Negeri Sembilan,P.132 Port Dickson,1,4199,Anwar Ibrahim,PH,078-PKR,PKR,8,PH,31016,71.31918416151211,1,won
2018-10-13,BY-ELECTION,Negeri Sembilan,P.132 Port Dickson,2,12139,Lau Seck Yan,BEBAS,000-BEBAS,BEBAS,0,ALONE,214,0.4920784566212146,5,lost_deposit
2018-10-13,BY-ELECTION,Negeri Sembilan,P.132 Port Dickson,3,12140,Saiful Bukhari Azlan,BEBAS,000-BEBAS,BEBAS,0,ALONE,82,0.18855342730345603,7,lost_deposit
2018-10-13,BY-ELECTION,Negeri Sembilan,P.132 Port Dickson,4,10532,Lt Kol (B) Hj Nazari,PAS,004-PAS,PAS,9,GS,7456,17.144565292372786,2,lost
2018-10-13,BY-ELECTION,Negeri Sembilan,P.132 Port Dickson,5,3897,Tan Sri Mohd Isa Bin Abdul Samad,BEBAS,000-BEBAS,BEBAS,0,ALONE,4230,9.72659753040999,3,lost_deposit
2018-10-13,BY-ELECTION,Negeri Sembilan,P.132 Port Dickson,6,12141,Stevie Chan,BEBAS,000-BEBAS,BEBAS,0,ALONE,337,0.7749085975763986,4,lost_deposit
2018-10-13,BY-ELECTION,Negeri Sembilan,P.132 Port Dickson,7,12142,Kan Chee Yuen,BEBAS,000-BEBAS,BEBAS,0,ALONE,154,0.3541125342040516,6,lost_deposit
2019-01-26,BY-ELECTION,Pahang,P.078 Cameron Highlands,1,12143,Cikgu Hj. Sallehudin Bin Hj. Ab. Talib,BEBAS,000-BEBAS,BEBAS,0,ALONE,314,1.4653724099309313,3,lost_deposit
2019-01-26,BY-ELECTION,Pahang,P.078 Cameron Highlands,2,12144,Wong Seng Yee,BEBAS,000-BEBAS,BEBAS,0,ALONE,276,1.2880343475826022,4,lost_deposit
2019-01-26,BY-ELECTION,Pahang,P.078 Cameron Highlands,3,12145,Ramli Bin Mohd Nor,BN,001-UMNO,UMNO,3,BN,12038,56.17883143550495,1,won
2019-01-26,BY-ELECTION,Pahang,P.078 Cameron Highlands,4,8951,Manogaran,PH,021-DAP,DAP,8,PH,8800,41.067761806981515,2,lost
2019-03-02,BY-ELECTION,Selangor,N.24 Semenyih,1,12146,Zakaria Bin Haji Hanafi,BN,001-UMNO,UMNO,3,BN,19780,50.43602427456781,1,won
2019-03-02,BY-ELECTION,Selangor,N.24 Semenyih,2,12147,Aiman Zainali,PH,107-BERSATU,BERSATU,8,PH,17866,45.55561221887909,2,lost
2019-03-02,BY-ELECTION,Selangor,N.24 Semenyih,3,12148,Uncle Kentang,BEBAS,000-BEBAS,BEBAS,0,ALONE,725,1.8486409301851192,4,lost_deposit
2019-03-02,BY-ELECTION,Selangor,N.24 Semenyih,4,12149,Nik Aziz,PSM,074-PSM,PSM,0,ALONE,847,2.159722576367994,3,lost_deposit
2019-04-13,BY-ELECTION,Negeri Sembilan,N.27 Rantau,1,8601,Tok Mat,BN,001-UMNO,UMNO,3,BN,10397,63.219019822449226,1,won
2019-04-13,BY-ELECTION,Negeri Sembilan,N.27 Rantau,2,12150,Malar Rajaram,BEBAS,000-BEBAS,BEBAS,0,ALONE,83,0.5046819895415299,3,lost_deposit
2019-04-13,BY-ELECTION,Negeri Sembilan,N.27 Rantau,3,12151,Hj Mohd Nor,BEBAS,000-BEBAS,BEBAS,0,ALONE,79,0.480359965949167,4,lost_deposit
2019-04-13,BY-ELECTION,Negeri Sembilan,N.27 Rantau,4,12152,Dr. Streram Sinnasamy,PH,078-PKR,PKR,8,PH,5887,35.79593822206007,2,lost
2019-05-11,BY-ELECTION,Sabah,P.186 Sandakan,1,5191,Hj. Hamzah Hj. Abdullah,BEBAS,000-BEBAS,BEBAS,0,ALONE,788,3.648992822412595,3,lost_deposit
2019-05-11,BY-ELECTION,Sabah,P.186 Sandakan,2,12153,Sulaiman Bin Abdul Samat,BEBAS,000-BEBAS,BEBAS,0,ALONE,126,0.5834683954619124,5,lost_deposit
2019-05-11,BY-ELECTION,Sabah,P.186 Sandakan,3,12154,Vivian Wong Shir Yee,DAP,021-DAP,DAP,8,PH,16012,74.14679323917574,1,won
2019-05-11,BY-ELECTION,Sabah,P.186 Sandakan,4,12155,Chia Siew Yung,BEBAS,000-BEBAS,BEBAS,0,ALONE,178,0.8242648761287336,4,lost_deposit
2019-05-11,BY-ELECTION,Sabah,P.186 Sandakan,5,9595,Linda Tsen Thau Lin,PBS,054-PBS,PBS,10,USA,4491,20.796480666821022,2,lost
2019-11-16,BY-ELECTION,Johor,P.165 Tanjung Piai,1,12156,Wendy Subramaniam,GERAKAN,026-GERAKAN,GERAKAN,0,ALONE,1707,4.397784361715831,3,lost_deposit
2019-11-16,BY-ELECTION,Johor,P.165 Tanjung Piai,2,8707,Wee Jeck Seng,BN,003-MCA,MCA,3,BN,25466,65.60865644724977,1,won
2019-11-16,BY-ELECTION,Johor,P.165 Tanjung Piai,3,12157,Dr. Ang Chuan Lock,BEBAS,000-BEBAS,BEBAS,0,ALONE,380,0.9790029627721242,5,lost_deposit
2019-11-16,BY-ELECTION,Johor,P.165 Tanjung Piai,4,11090,Haji Karmaine Bin Sardini,PH,107-BERSATU,BERSATU,8,PH,10380,26.742238825196445,2,lost
2019-11-16,BY-ELECTION,Johor,P.165 Tanjung Piai,5,12158,Dato' Dr Badhrulhisham,BERJASA,036-BERJASA,BERJASA,0,ALONE,850,2.1898750483060674,4,lost_deposit
2019-11-16,BY-ELECTION,Johor,P.165 Tanjung Piai,6,12159,Faridah Aryani Binti Abd Ghaffar,BEBAS,000-BEBAS,BEBAS,0,ALONE,32,0.08244235475975784,6,lost_deposit
2020-01-18,BY-ELECTION,Sabah,P.176 Kimanis,1,10609,Mohamad Bin Alamin,BN,001-UMNO,UMNO,3,BN,12706,54.33862207586708,1,won
2020-01-18,BY-ELECTION,Sabah,P.176 Kimanis,2,5817,Karim Bin Bujang,WARISAN,104-WARISAN,WARISAN,0,ALONE,10677,45.66137792413292,2,lost
2020-07-04,BY-ELECTION,Pahang,N.23 Chini,1,12160,Tengku Dato' Hisham,BEBAS,000-BEBAS,BEBAS,0,ALONE,1222,8.023110760948066,2,lost_deposit
2020-07-04,BY-ELECTION,Pahang,N.23 Chini,2,9296,Cmk Shukri Ramli,BEBAS,000-BEBAS,BEBAS,0,ALONE,137,0.8994813209900859,3,lost_deposit
2020-07-04,BY-ELECTION,Pahang,N.23 Chini,3,12161,Mohd Sharim Bin Md Zain,BN,001-UMNO,UMNO,3,BN,13872,91.07740791806185,1,won
2020-08-29,BY-ELECTION,Perak,N.58 Slim,1,12162,Amir Khusyairi,BEBAS,000-BEBAS,BEBAS,0,ALONE,2115,13.688434405540095,2,lost
2020-08-29,BY-ELECTION,Perak,N.58 Slim,2,12163,Zaidi Aziz,BN,001-UMNO,UMNO,3,BN,13060,84.52527344508447,1,won
2020-08-29,BY-ELECTION,Perak,N.58 Slim,3,12164,Profesor Santharasekaran Subramaniam,BEBAS,000-BEBAS,BEBAS,0,ALONE,276,1.7862921493754451,3,lost_deposit
2022-11-19,BY-ELECTION,Sabah,N.66 Bugaya,1,13667,Mohd Hassan Bin Abu Bakar,PEJUANG,119-PEJUANG,PEJUANG,11,PN,130,0.7316524088248536,6,lost_deposit
2022-11-19,BY-ELECTION,Sabah,N.66 Bugaya,2,13668,Jamil Bin Hamzah,WARISAN,104-WARISAN,WARISAN,0,ALONE,11382,64.05898244034219,1,won
2022-11-19,BY-ELECTION,Sabah,N.66 Bugaya,3,13669,Nazmahwati Binti Walli,PBM,065-PBM,PBM,0,ALONE,98,0.5515533543448896,7,lost_deposit
2022-11-19,BY-ELECTION,Sabah,N.66 Bugaya,4,12096,Jufazli Bin Shi Ahmad @ Tongko,BEBAS,000-BEBAS,BEBAS,0,ALONE,693,3.90027014858172,3,lost_deposit
2022-11-19,BY-ELECTION,Sabah,N.66 Bugaya,5,13670,Karil Bin Pg. Kuraini,PPRS,110-PPRS,PPRS,0,ALONE,150,0.8442143178748313,5,lost_deposit
2022-11-19,BY-ELECTION,Sabah,N.66 Bugaya,6,13671,Hj Abd Aziz Bin Hj Mohd Ibno,BN,001-UMNO,UMNO,3,BN,4753,26.75033768572715,2,lost
2022-11-19,BY-ELECTION,Sabah,N.66 Bugaya,7,13354,Arastam Bin Pandorog,PH,078-PKR,PKR,8,PH,562,3.1629896443043677,4,lost_deposit
2023-08-12,BY-ELECTION,Terengganu,P.036 Kuala Terengganu,1,10916,Datuk Hj Amzad Hashim,PAS,004-PAS,PAS,11,PN,68369,76.41385014306151,1,won
2023-08-12,BY-ELECTION,Terengganu,P.036 Kuala Terengganu,2,8954,Azan Ismail,PH,078-PKR,PKR,8,PH,21103,23.586149856938484,2,lost
2023-09-09,BY-ELECTION,Johor,N.13 Simpang Jeram,1,11087,Dr. Mazri Yahya,PN,004-PAS,PAS,11,PN,10330,42.18909536450888,2,lost
2023-09-09,BY-ELECTION,Johor,N.13 Simpang Jeram,2,13985,Ir. Ts. Haji Nazri,PH,046-AMANAH,AMANAH,8,PH,13844,56.540739228098836,1,won
2023-09-09,BY-ELECTION,Johor,N.13 Simpang Jeram,3,11923,Jeghanaathan,BEBAS,000-BEBAS,BEBAS,0,ALONE,311,1.270165407392281,3,lost_deposit
2023-09-09,BY-ELECTION,Johor,P.161 Pulai,1,13215,Samsudin PKPKL,BEBAS,000-BEBAS,BEBAS,0,ALONE,528,0.6730144162747123,3,lost_deposit
2023-09-09,BY-ELECTION,Johor,P.161 Pulai,2,13986,Zulkifli Jaafar,PN,107-BERSATU,BERSATU,11,PN,29642,37.7831313015436,2,lost
2023-09-09,BY-ELECTION,Johor,P.161 Pulai,3,8179,Suhaizan Kayat,PH,046-AMANAH,AMANAH,8,PH,48283,61.543854282181684,1,won
2023-10-07,BY-ELECTION,Pahang,N.36 Pelangai,1,13655,Cikgu Kasim,PN,004-PAS,PAS,11,PN,4375,37.24672228843862,2,lost
2023-10-07,BY-ELECTION,Pahang,N.36 Pelangai,2,13987,Haslihelmy Dm Bin Zulhasli,BEBAS,000-BEBAS,BEBAS,0,ALONE,47,0.40013621658436915,3,lost_deposit
2023-10-07,BY-ELECTION,Pahang,N.36 Pelangai,3,13649,Dato' Amizar Bin Abu Adam,BN,001-UMNO,UMNO,3,BN,7324,62.35314149497702,1,won
2023-11-04,BY-ELECTION,Sarawak,N.67 Jepak,1,10843,Chieng Lea Phing,ASPIRASI,071-ASPIRASI,ASPIRASI,0,ALONE,431,3.945802435228417,3,lost_deposit
2023-11-04,BY-ELECTION,Sarawak,N.67 Jepak,2,13988,Iskandar Turkee,GPS,029-PBB,PBB,13,GPS,9638,88.23583264670877,1,won
2023-11-04,BY-ELECTION,Sarawak,N.67 Jepak,3,12723,Stevenson Joseph Sumbang,PBK,097-PBK,PBK,0,ALONE,854,7.818364918062803,2,lost_deposit
2023-12-02,BY-ELECTION,Terengganu,P.040 Kemaman,1,13989,Jeneral (B) Tan Sri Raja Mohamed Affandi,BN,001-UMNO,UMNO,3,BN,27778,29.940932999913773,2,lost
2023-12-02,BY-ELECTION,Terengganu,P.040 Kemaman,2,11376,Dr. Sam,PAS,004-PAS,PAS,11,PN,64998,70.05906700008623,1,won
2024-05-11,BY-ELECTION,Selangor,N.06 Kuala Kubu Baharu,1,13990,Khairul Azhari,PN,107-BERSATU,BERSATU,11,PN,10131,41.40002451881819,2,lost
2024-05-11,BY-ELECTION,Selangor,N.06 Kuala Kubu Baharu,2,13991,Pang Sock Tao,PH,021-DAP,DAP,8,PH,14000,57.210575783580566,1,won
2024-05-11,BY-ELECTION,Selangor,N.06 Kuala Kubu Baharu,3,13992,Eris Nyau Ke Xin,BEBAS,000-BEBAS,BEBAS,0,ALONE,188,0.7682563033795105,3,lost_deposit
2024-05-11,BY-ELECTION,Selangor,N.06 Kuala Kubu Baharu,4,13993,Hafizah,PRM,009-PRM,PRM,0,ALONE,152,0.6211433942217318,4,lost_deposit
2024-07-06,BY-ELECTION,Pulau Pinang,N.20 Sungai Bakap,1,13994,Cikgu Joohari,PH,078-PKR,PKR,8,PH,10222,41.36619319331472,2,lost
2024-07-06,BY-ELECTION,Pulau Pinang,N.20 Sungai Bakap,2,13995,Abang Abidin,PN,004-PAS,PAS,11,PN,14489,58.633806806685286,1,won
2024-08-17,BY-ELECTION,Kelantan,N.43 Nenggiri,1,13996,Rizwadi Ismail,PAS,004-PAS,PAS,11,PN,5739,38.69858395144977,2,lost
2024-08-17,BY-ELECTION,Kelantan,N.43 Nenggiri,2,13997,Awie,BN,001-UMNO,UMNO,3,BN,9091,61.30141604855024,1,won
2024-09-28,BY-ELECTION,Johor,N.29 Mahkota,1,13998,Syed Hussien Bin Syed Abdullah,BN,001-UMNO,UMNO,3,BN,27995,79.21170278988173,1,won
2024-09-28,BY-ELECTION,Johor,N.29 Mahkota,2,13999,Coach Haizan,PN,107-BERSATU,BERSATU,11,PN,7347,20.788297210118273,2,lost
2025-04-26,BY-ELECTION,Perak,N.48 Ayer Kuning,1,14000,Dr. Ustaz Yusri Bakir,BN,001-UMNO,UMNO,3,BN,11065,60.69665386725178,1,won
2025-04-26,BY-ELECTION,Perak,N.48 Ayer Kuning,2,14001,Ustaz Muhaimin,PN,004-PAS,PAS,11,PN,6059,33.23642347778387,2,lost
2025-04-26,BY-ELECTION,Perak,N.48 Ayer Kuning,3,11566,Bawani KS,PSM,074-PSM,PSM,0,ALONE,1106,6.066922654964344,3,lost_deposit
