state,parlimen,dun,ballot_order,name,name_ballot,party_full,party,votes
Kedah,P.004 Langkawi,N.01 Ayer Hangat,1,SHAMSILAH BINTI SIRU,SHAMSILAH BINTI SIRU,PERIKATAN NASIONAL ,PN,10701
Kedah,P.004 Langkawi,N.01 Ayer Hangat,2,SAFWAN HANIF BIN SHAFIE,SAFWAN HANIF,BEBAS,BEBAS,6877
Kedah,P.004 Langkawi,N.01 Ayer Hangat,3,HISHAM SUHAILY BINTI OTHMAN,HISHAM SUHAILY BINTI OTHMAN,BARISAN NASIONAL OF MALAYSIA,BN,4909
Kedah,P.004 Langkawi,N.01 Ayer Hangat,4,ZULFADLI BIN MOHD YUSOFF,ZULFADLI BIN MOHD YUSOFF,BEBAS,BEBAS,134
Kedah,P.004 Langkawi,N.02 Kuah,1,AMAR PARED BIN MAHAMUD,AMAR PARED BIN MAHAMUD,PERIKATAN NASIONAL ,PN,13364
Kedah,P.004 Langkawi,N.02 Kuah,2,AHMAD FAUZI BIN CHIK,AHMAD FAUZI BIN CHIK,PAKATAN HARAPAN,PH,5394
Kedah,P.004 Langkawi,N.02 Kuah,3,MAZLAN BIN AHMAD,MAZLAN BIN AHMAD,BEBAS,BEBAS,2013
Kedah,P.005 Jerlun,N.03 Kota Siputeh,1,MOHD ASHRAF MUSTAQIM BIN BADRUL MUNIR,MOHD ASHRAF MUSTAQIM,PERIKATAN NASIONAL ,PN,17180
Kedah,P.005 Jerlun,N.03 Kota Siputeh,2,SALMEE BINTI SAID,DR SALMEE BINTI SAID,PAKATAN HARAPAN,PH,4090
Kedah,P.005 Jerlun,N.03 Kota Siputeh,3,ABDUL BIN RAMLI,ABDUL BIN RAMLI @ LATIF,BEBAS,BEBAS,312
Kedah,P.005 Jerlun,N.04 Ayer Hitam,1,HAYAZI BIN AZIZAN,HAYAZI BIN AZIZAN,BARISAN NASIONAL OF MALAYSIA,BN,6105
Kedah,P.005 Jerlun,N.04 Ayer Hitam,2,AZHAR BIN IBRAHIM,CIKGU AZHAR,PERIKATAN NASIONAL ,PN,22078
Kedah,P.006 Kubang Pasu,N.05 Bukit Kayu Hitam,1,HALIMATON SHAADIAH BINTI SAAD,DATO' HAJAH HALIMATON SHAADIAH SAAD (KAK TON),PERIKATAN NASIONAL ,PN,24551
Kedah,P.006 Kubang Pasu,N.05 Bukit Kayu Hitam,2,ZAINOL @ ZAINOL ABIDIN BIN MOHAMAD,CIKGU NON,BARISAN NASIONAL OF MALAYSIA,BN,9117
Kedah,P.006 Kubang Pasu,N.06 Jitra,1,SABRINA BINTI AHMAD,SABRINA AHMAD,PAKATAN HARAPAN,PH,11170
Kedah,P.006 Kubang Pasu,N.06 Jitra,2,HAIM HILMAN BIN ABDULLAH,DR. HAIM HILMAN ABDULLAH (PROF. HAIM),PERIKATAN NASIONAL ,PN,34342
Kedah,P.007 Padang Terap,N.07 Kuala Nerang,1,RIDZWAN BIN ABU BAKAR,RIDZWAN ABU BAKAR,PAKATAN HARAPAN,PH,4215
Kedah,P.007 Padang Terap,N.07 Kuala Nerang,2,MOHAMAD YUSOFF BIN ZAKARIA,HJ. MUNIR,PERIKATAN NASIONAL ,PN,19661
Kedah,P.007 Padang Terap,N.08 Pedu,1,MOHD RADZI BIN MD AMIN,MOHD RADZI BIN MD AMIN,PERIKATAN NASIONAL ,PN,14397
Kedah,P.007 Padang Terap,N.08 Pedu,2,MAHDZIR BIN KHALID,MAHDZIR BIN KHALID,BARISAN NASIONAL OF MALAYSIA,BN,8024
Kedah,P.008 Pokok Sena,N.09 Bukit Lada,1,SAID ALI BIN SAID RASTAN,SAID ALI BIN SYED RASTAN,BARISAN NASIONAL OF MALAYSIA,BN,6772
Kedah,P.008 Pokok Sena,N.09 Bukit Lada,2,SALIM BIN MAHMOOD,USTAZ SALIM MAHMOOD AL-HAFIZ,PERIKATAN NASIONAL ,PN,24183
Kedah,P.008 Pokok Sena,N.10 Bukit Pinang,1,ROMANI BIN WAN SALIN,DATO' WAN ROMANI,PERIKATAN NASIONAL ,PN,23041
Kedah,P.008 Pokok Sena,N.10 Bukit Pinang,2,HADZIR BIN MD.ZAIN,DATO' HJ. HADZIR,PAKATAN HARAPAN,PH,4780
Kedah,P.008 Pokok Sena,N.11 Derga,1,TAN KOK YEW,TAN KOK YEW,PAKATAN HARAPAN,PH,10771
Kedah,P.008 Pokok Sena,N.11 Derga,2,NOOR AZMAN BIN BASHARON @ CHE MAN,MAN BASIRON,BEBAS,BEBAS,241
Kedah,P.008 Pokok Sena,N.11 Derga,3,MUHAMAD AMRI BIN WAHAB,MUHAMAD AMRI,PERIKATAN NASIONAL ,PN,14433
Kedah,P.009 Alor Setar,N.12 Suka Menanti,1,ZAMRI BIN YUSUF,DATO' ZAMRI YUSUF,PAKATAN HARAPAN,PH,10151
Kedah,P.009 Alor Setar,N.12 Suka Menanti,2,DZOWAHIR BIN AB GHANI,DZOWAHIR BIN AB GHANI,PERIKATAN NASIONAL ,PN,18396
Kedah,P.009 Alor Setar,N.13 Kota Darul Aman,1,CHUAH SEE SENG,CHUAH SEE SENG,PERIKATAN NASIONAL ,PN,5528
Kedah,P.009 Alor Setar,N.13 Kota Darul Aman,2,TEH SWEE LEONG,TEH SWEE LEONG,PAKATAN HARAPAN,PH,11178
Kedah,P.009 Alor Setar,N.14 Alor Mengkudu,1,MUHAMAD RADHI BIN MAT DIN,RADHI MAT DIN,PERIKATAN NASIONAL ,PN,18936
Kedah,P.009 Alor Setar,N.14 Alor Mengkudu,2,MAHFUZ BIN OMAR,DATO' WIRA MAHFUZ OMAR,PAKATAN HARAPAN,PH,8832
Kedah,P.010 Kuala Kedah,N.15 Anak Bukit,1,RASHIDI BIN RAZAK,RASHIDI BIN RAZAK,PERIKATAN NASIONAL ,PN,21738
Kedah,P.010 Kuala Kedah,N.15 Anak Bukit,2,NOOR HASITA BINTI MAT ISA,DATIN NOOR HASITA,BARISAN NASIONAL OF MALAYSIA,BN,5907
Kedah,P.010 Kuala Kedah,N.16 Kubang Rotan,1,MOHD ASMIRUL ANUAR BIN ARIS,ASMIRUL ANUAR BIN ARIS,PAKATAN HARAPAN,PH,12165
Kedah,P.010 Kuala Kedah,N.16 Kubang Rotan,2,MOHD SALLEH BIN SAIDIN,DATO' MOHD SALLEH BIN SAIDIN,PERIKATAN NASIONAL ,PN,22951
Kedah,P.010 Kuala Kedah,N.17 Pengkalan Kundor,1,MARDHIYYAH BINTI JOHARI,MARDHIYYAH JOHARI,PERIKATAN NASIONAL ,PN,22349
Kedah,P.010 Kuala Kedah,N.17 Pengkalan Kundor,2,ISMAIL BIN SALLEH,DATO' DR. ISMAIL SALLEH,PAKATAN HARAPAN,PH,11317
Kedah,P.011 Pendang,N.18 Tokai,1,MOHD HAYATI BIN OTHMAN,DATO' DR. MOHD HAYATI,PERIKATAN NASIONAL ,PN,29329
Kedah,P.011 Pendang,N.18 Tokai,2,ZAINAL ABIDIN BIN SAAD,ZAINAL ABIDIN SAAD,PAKATAN HARAPAN,PH,5410
Kedah,P.011 Pendang,N.19 Sungai Tiang,1,ABDUL RAZAK BIN KHAMIS,RAZAK KHAMIS,PERIKATAN NASIONAL ,PN,27154
Kedah,P.011 Pendang,N.19 Sungai Tiang,2,MOHAMAD FADZIL BIN ZOLKIPLI,MOHAMAD FADZIL,BARISAN NASIONAL OF MALAYSIA,BN,10055
Kedah,P.012 Jerai,N.20 Sungai Limau,1,MOHD AZAM BIN ABD SAMAT,USTAZ MOHD AZAM BIN ABD SAMAT,PERIKATAN NASIONAL ,PN,23000
Kedah,P.012 Jerai,N.20 Sungai Limau,2,SITI BALKHIS BINTI HUSAIN,SITI BALKHIS BINTI HUSAIN,PAKATAN HARAPAN,PH,4096
Kedah,P.012 Jerai,N.21 Guar Chempedak,1,KU ABDUL HALIM BIN KU ISMAIL,CIKGU KU ABDUL HALIM,BEBAS,BEBAS,176
Kedah,P.012 Jerai,N.21 Guar Chempedak,2,ABDUL PARIS BIN ABDUL HAMID,ABDUL PARIS BIN ABDUL HAMID (PARIS),BARISAN NASIONAL OF MALAYSIA,BN,5157
Kedah,P.012 Jerai,N.21 Guar Chempedak,3,ABDUL GHAFAR BIN SAAD,ABDUL GHAFAR SAAD,PERIKATAN NASIONAL ,PN,17266
Kedah,P.012 Jerai,N.22 Gurun,1,MOHAMMED FIRDAUS BIN JOHARI,FIRDAUS JOHARI,PAKATAN HARAPAN,PH,11187
Kedah,P.012 Jerai,N.22 Gurun,2,BADDROL BIN BAKHTIAR,BADDROL BIN BAKHTIAR,PERIKATAN NASIONAL ,PN,17771
Kedah,P.013 Sik,N.23 Belantek,1,MAZLI BINTI SAIPI,MAZLI BINTI SAIPI,PAKATAN HARAPAN,PH,3626
Kedah,P.013 Sik,N.23 Belantek,2,AHMAD BIN SULAIMAN,HAJI AHMAD SULAIMAN,PERIKATAN NASIONAL ,PN,17782
Kedah,P.013 Sik,N.24 Jeneri,1,MUHAMAD KHIZRI BIN ABU KASSIM,DATO' MUHAMAD KHIZRI BIN ABU KASSIM,BARISAN NASIONAL OF MALAYSIA,BN,5773
Kedah,P.013 Sik,N.24 Jeneri,2,MUHAMMAD SANUSI BIN MD NOR,MUHAMMAD SANUSI BIN MD NOR,PERIKATAN NASIONAL ,PN,21823
Kedah,P.014 Merbok,N.25 Bukit Selambau,1,AZIZAN BIN HAMZAH,USTAZ AZIZAN BIN HAMZAH,PERIKATAN NASIONAL ,PN,33508
Kedah,P.014 Merbok,N.25 Bukit Selambau,2,DINESH A/L MUNIANDY,DINESH A/L MUNIANDY,BEBAS,BEBAS,375
Kedah,P.014 Merbok,N.25 Bukit Selambau,3,SUMMUGAM A/L RENGASAMY,SUMMUGAM RENGASAMY,PAKATAN HARAPAN,PH,21843
Kedah,P.014 Merbok,N.26 Tanjong Dawai,1,SHAIFUL HAZIZY BIN ZAINOL ABIDIN,DATO' SHAIFUL HAZIZY (TOK PON),BARISAN NASIONAL OF MALAYSIA,BN,9591
Kedah,P.014 Merbok,N.26 Tanjong Dawai,2,HANIF BIN GHAZALI,USTAZ HANIF BIN GHAZALI,PERIKATAN NASIONAL ,PN,31996
Kedah,P.015 Sungai Petani,N.27 Pantai Merdeka,1,SHARIR BIN LONG,USTAZ SHARIR LONG,PERIKATAN NASIONAL ,PN,32225
Kedah,P.015 Sungai Petani,N.27 Pantai Merdeka,2,WAN MOHALINA BINTI WAN MOHAMMAD,KAK WAN MOHALINA,BARISAN NASIONAL OF MALAYSIA,BN,8534
Kedah,P.015 Sungai Petani,N.28 Bakar Arang,1,LOH WEI CHAI,ADAM LOH,PAKATAN HARAPAN,PH,21889
Kedah,P.015 Sungai Petani,N.28 Bakar Arang,2,TAN KEE CHYE,TAN KEE CHYE,PARTI RAKYAT MALAYSIA,PRM,138
Kedah,P.015 Sungai Petani,N.28 Bakar Arang,3,TAI KUANG TEE,RAYMOND TAI KUANG TEE,PERIKATAN NASIONAL ,PN,18206
Kedah,P.015 Sungai Petani,N.29 Sidam,1,JULIANA BINTI ABDUL GHANI,JULIANA ABDUL GHANI,PERIKATAN NASIONAL ,PN,20905
Kedah,P.015 Sungai Petani,N.29 Sidam,2,BAU WONG A/L BAU EK,BAU WONG,PAKATAN HARAPAN,PH,21859
Kedah,P.016 Baling,N.30 Bayu,1,MOHD TAUFIK BIN YAACOB,MOHD TAUFIK BIN YAACOB,PERIKATAN NASIONAL ,PN,27287
Kedah,P.016 Baling,N.30 Bayu,2,ISHAK BIN MAT,DATO' ISHAK BIN MAT,BARISAN NASIONAL OF MALAYSIA,BN,9705
Kedah,P.016 Baling,N.31 Kupang,1,MUHAMMAD SUHAIMI BIN HAMZAH,SUHAIMI HAMZAH,PAKATAN HARAPAN,PH,7091
Kedah,P.016 Baling,N.31 Kupang,2,NAJMI BIN HJ AHMAD,DATO' NAJMI BIN HAJI AHMAD,PERIKATAN NASIONAL ,PN,26366
Kedah,P.016 Baling,N.32 Kuala Ketil,1,MANSOR BIN ZAKARIA,MEJ (B) MANSOR BIN ZAKARIA,PERIKATAN NASIONAL ,PN,24872
Kedah,P.016 Baling,N.32 Kuala Ketil,2,SURIATI BINTI CHE MID,SURIATI BINTI CHE MID,BARISAN NASIONAL OF MALAYSIA,BN,8307
Kedah,P.017 Padang Serai,N.33 Merbau Pulas,1,ASMADI BIN ABU TALIB,DATO' CHEGU MADI,BARISAN NASIONAL OF MALAYSIA,BN,10634
Kedah,P.017 Padang Serai,N.33 Merbau Pulas,2,SITI ASHAH BINTI GHAZALI,DATO' USTAZAH SITI ASHAH,PERIKATAN NASIONAL ,PN,29919
Kedah,P.017 Padang Serai,N.34 Lunas,1,SHAMSUL ANUAR BIN ABDULLAH,CIKGU SHAMSUL,PAKATAN HARAPAN,PH,27054
Kedah,P.017 Padang Serai,N.34 Lunas,2,KHAIRUL ANUAR BIN RAMLI,KHAIRUL ANUAR BIN RAMLI,PERIKATAN NASIONAL ,PN,31537
Kedah,P.017 Padang Serai,N.34 Lunas,3,RAJENDARAN A/L NADARAJAN,RAJENDARAN A/L NADARAJAN,BEBAS,BEBAS,364
Kedah,P.017 Padang Serai,N.34 Lunas,4,PANNIR SELVAM A/L S SUPPIAH,PANNIR SELVAM A/L S SUPPIAH,BEBAS,BEBAS,148
Kedah,P.017 Padang Serai,N.34 Lunas,5,ARICHINDAREM A/L SINAPPAYEN,ARI,BEBAS,BEBAS,417
Kedah,P.018 Kulim-Bandar Baharu,N.35 Kulim,1,TEH LEAN ONG,AWANG TEH,PAKATAN HARAPAN,PH,15536
Kedah,P.018 Kulim-Bandar Baharu,N.35 Kulim,2,WONG CHIA ZHEN,WONG CHIA ZHEN,PERIKATAN NASIONAL ,PN,23278
Kedah,P.018 Kulim-Bandar Baharu,N.36 Bandar Baharu,1,MOHD SUFFIAN BIN YUSOFF,PROF. DR. SUFFIAN HAJI YUSOFF,PERIKATAN NASIONAL ,PN,19327
Kedah,P.018 Kulim-Bandar Baharu,N.36 Bandar Baharu,2,NURAINI BINTI YUSOFF,NURAINI BINTI YUSOFF (NONI),BARISAN NASIONAL OF MALAYSIA,BN,7750
Kelantan,P.019 Tumpat,N.01 Pengkalan Kubor,1,ZULKIFLI BIN ABDULLAH,DATUK ZULKIFLI TOK KRAWAT,BARISAN NASIONAL OF MALAYSIA,BN,8003
Kelantan,P.019 Tumpat,N.01 Pengkalan Kubor,2,WAN ROSLAN BIN WAN HAMAT,USTAZ LAN,PARTI ISLAM SE MALAYSIA,PAS,14043
Kelantan,P.019 Tumpat,N.02 Kelaboran,1,MOHD ADANAN BIN HASSAN,CIKGU NAN,PARTI ISLAM SE MALAYSIA,PAS,15890
Kelantan,P.019 Tumpat,N.02 Kelaboran,2,MOHD ROSDI BIN RAZALI,ROSDI RAZALI (RR24),BARISAN NASIONAL OF MALAYSIA,BN,6518
Kelantan,P.019 Tumpat,N.03 Pasir Pekan,1,MOHAMAD ZAMAKH SARI BIN IBRAHIM,ZAMAKH SARI HJ. HIM,PAKATAN HARAPAN,PH,5972
Kelantan,P.019 Tumpat,N.03 Pasir Pekan,2,AHMAD BIN YAKOB,DATO' USTAZ MAD,PARTI ISLAM SE MALAYSIA,PAS,18783
Kelantan,P.019 Tumpat,N.04 Wakaf Bharu,1,ABDUL MANNAN BIN MD SAID,ABE NAN,BARISAN NASIONAL OF MALAYSIA,BN,7395
Kelantan,P.019 Tumpat,N.04 Wakaf Bharu,2,MOHD RUSLI BIN ABDULLAH,HJ MOHD RUSLI,PARTI ISLAM SE MALAYSIA,PAS,15522
Kelantan,P.020 Pengkalan Chepa,N.05 Kijang,1,IZANI BIN HUSIN,DR. IZANI,PARTI ISLAM SE MALAYSIA,PAS,14552
Kelantan,P.020 Pengkalan Chepa,N.05 Kijang,2,HARIS BIN HUSSIN,HARIS HUSSIN,BARISAN NASIONAL OF MALAYSIA,BN,4644
Kelantan,P.020 Pengkalan Chepa,N.06 Chempaka,1,NIK NORMI BINTI NIK AYUB,NIK NORMI,BARISAN NASIONAL OF MALAYSIA,BN,5504
Kelantan,P.020 Pengkalan Chepa,N.06 Chempaka,2,NIK ASMA'BAHRUM BIN NIK ABDULLAH,NIK BAHRUM,PARTI ISLAM SE MALAYSIA,PAS,16728
Kelantan,P.020 Pengkalan Chepa,N.06 Chempaka,3,IBRAHIM BIN SULONG,TOK GAWA HJ. HIM / ABE LI TOK GAWA,BEBAS,BEBAS,234
Kelantan,P.020 Pengkalan Chepa,N.07 Panchor,1,MOHD AMAR BIN ABDULLAH,DATO' NIK AMAR,PARTI ISLAM SE MALAYSIA,PAS,18700
Kelantan,P.020 Pengkalan Chepa,N.07 Panchor,2,SYED MOHD ALIDUSTUR BIN SYED MOHD ZAIN,SYED MOHD ALIDUSTUR BIN SYED MOHD ZAIN,PAKATAN HARAPAN,PH,8014
Kelantan,P.021 Kota Bharu,N.08 Tanjong Mas,1,ROHANI BINTI IBRAHIM,KAK ANI,PARTI ISLAM SE MALAYSIA,PAS,17529
Kelantan,P.021 Kota Bharu,N.08 Tanjong Mas,2,ZINDA KHALIL SASTRO BIN HASSAN,ZINDA KHALIL,PAKATAN HARAPAN,PH,8936
Kelantan,P.021 Kota Bharu,N.09 Kota Lama,1,HAFIDZAH BINTI HAJI MUSTAKIM,DR HAFIDZAH,PAKATAN HARAPAN,PH,9691
Kelantan,P.021 Kota Bharu,N.09 Kota Lama,2,IZAT BUKHARY BIN ISMAIL BUKHARY,IZAT BUKHARY,BEBAS,BEBAS,85
Kelantan,P.021 Kota Bharu,N.09 Kota Lama,3,TAN BOON KIAN,ANDY TAN @ AWANG,PARTI RAKYAT MALAYSIA,PRM,126
Kelantan,P.021 Kota Bharu,N.09 Kota Lama,4,ZAMRI BIN ISMAIL,DATO'  ZAMRI,PARTI ISLAM SE MALAYSIA,PAS,9489
Kelantan,P.021 Kota Bharu,N.10 Bunut Payong,1,MOHAMED HASNAN BIN CHE HUSSIN,DATUK MOHAMED HASNAN BIN CHE HUSSIN,BARISAN NASIONAL OF MALAYSIA,BN,8277
Kelantan,P.021 Kota Bharu,N.10 Bunut Payong,2,SHAARI BIN MAT YAMAN,SHAARI,PARTI ISLAM SE MALAYSIA,PAS,13887
Kelantan,P.022 Pasir Mas,N.11 Tendong,1,SUZAINAL ADNAN BIN SUKRI,TOK NAN,BEBAS,BEBAS,1086
Kelantan,P.022 Pasir Mas,N.11 Tendong,2,ROZI BIN MUHAMAD,ROZI MUHAMAD,PARTI ISLAM SE MALAYSIA,PAS,12360
Kelantan,P.022 Pasir Mas,N.11 Tendong,3,NOOR HARIRI BIN MOHAMED NOOR,ABE HARIRI,BARISAN NASIONAL OF MALAYSIA,BN,6514
Kelantan,P.022 Pasir Mas,N.12 Pengkalan Pasir,1,RUSHDAN BIN MUSTAFA,HJ RUSHDAN,PAKATAN HARAPAN,PH,5416
Kelantan,P.022 Pasir Mas,N.12 Pengkalan Pasir,2,MOHAMAD NASRIFF BIN DAUD @ DAUD YATIMEE,HAJI NASRIFF DAUD YATIMEE,PARTI ISLAM SE MALAYSIA,PAS,13077
Kelantan,P.022 Pasir Mas,N.13 Meranti,1,ZAHRI BIN OMAR,TOK GAWA ZAHRI,BARISAN NASIONAL OF MALAYSIA,BN,4106
Kelantan,P.022 Pasir Mas,N.13 Meranti,2,MOHD NASSURUDDIN BIN HAJI DAUD,DATO' US. HJ. NASSURUDDIN,PARTI ISLAM SE MALAYSIA,PAS,13260
Kelantan,P.023 Rantau Panjang,N.14 Chetok,1,ZURAIDIN BIN ABDULLAH,HAJI ZURAIDIN ABDULLAH,PARTI ISLAM SE MALAYSIA,PAS,12202
Kelantan,P.023 Rantau Panjang,N.14 Chetok,2,MOHAMAD EZZAT ZAHRIM BIN MOHD HANUZI,EZZAT HANUZI,PAKATAN HARAPAN,PH,4203
Kelantan,P.023 Rantau Panjang,N.15 Gual Periok,1,ANUAR BIN MOHAMAD,ABE WA,BARISAN NASIONAL OF MALAYSIA,BN,6448
Kelantan,P.023 Rantau Panjang,N.15 Gual Periok,2,KAMARUZAMAN BIN MOHAMAD,KAMARUZAMAN,PARTI ISLAM SE MALAYSIA,PAS,11557
Kelantan,P.023 Rantau Panjang,N.16 Apam Putra,1,AKBAR BIN SALIM,DATUK AKBAR,BARISAN NASIONAL OF MALAYSIA,BN,6747
Kelantan,P.023 Rantau Panjang,N.16 Apam Putra,2,ZAMAKHSHARI BIN MUHAMAD,ABE ZAM,PARTI ISLAM SE MALAYSIA,PAS,10606
Kelantan,P.024 Kubang Kerian,N.17 Salor,1,SAIZOL BIN ISMAIL,ABE JOE,PARTI ISLAM SE MALAYSIA,PAS,15893
Kelantan,P.024 Kubang Kerian,N.17 Salor,2,MOHAMAD BIN HUSAIN,ADIK MAD,BARISAN NASIONAL OF MALAYSIA,BN,6433
Kelantan,P.024 Kubang Kerian,N.18 Pasir Tumboh,1,ABD RAHMAN BIN YUNUS,USTAZ ABD RAHMAN,PARTI ISLAM SE MALAYSIA,PAS,17814
Kelantan,P.024 Kubang Kerian,N.18 Pasir Tumboh,2,NAZIRATUL AINI BINTI MUHAMAD SAYUTY,AINA SAYUTY,PAKATAN HARAPAN,PH,5440
Kelantan,P.024 Kubang Kerian,N.19 Demit,1,MOHD ASRI BIN MAT DAUD,USTAZ ASRI,PARTI ISLAM SE MALAYSIA,PAS,18683
Kelantan,P.024 Kubang Kerian,N.19 Demit,2,ISMAIL BIN GHANI,TOK WEIL,PAKATAN HARAPAN,PH,6098
Kelantan,P.025 Bachok,N.20 Tawang,1,HARUN BIN ISMAIL,USTAZ HARUN,PARTI ISLAM SE MALAYSIA,PAS,21665
Kelantan,P.025 Bachok,N.20 Tawang,2,CHE MAT ISA BIN CHE DIR,CHE MAT,PAKATAN HARAPAN,PH,5683
Kelantan,P.025 Bachok,N.21 Pantai Irama,1,ZAKIAH BINTI MD NOOR,KAK YAH,BARISAN NASIONAL OF MALAYSIA,BN,7330
Kelantan,P.025 Bachok,N.21 Pantai Irama,2,MOHD HUZAIMY BIN CHE HUSIN,HAJI MIE,PARTI ISLAM SE MALAYSIA,PAS,17779
Kelantan,P.025 Bachok,N.22 Jelawat,1,YUSRI BIN CHE NOH,DATO' YUSRI,BARISAN NASIONAL OF MALAYSIA,BN,7277
Kelantan,P.025 Bachok,N.22 Jelawat,2,ZAMERI BIN MAT NAWANG,LOYAR ZAMERI,PARTI ISLAM SE MALAYSIA,PAS,16885
Kelantan,P.025 Bachok,N.22 Jelawat,3,ZULKARNAIN BIN HARON,BABA ZUL,BEBAS,BEBAS,277
Kelantan,P.026 Ketereh,N.23 Melor,1,WAN ROHIMI BIN WAN DAUD,WAN ROHIMI,PARTI ISLAM SE MALAYSIA,PAS,12688
Kelantan,P.026 Ketereh,N.23 Melor,2,AZMI BIN ISHAK,CIKGU HJ. AZMI,BARISAN NASIONAL OF MALAYSIA,BN,5405
Kelantan,P.026 Ketereh,N.24 Kadok,1,MOHD AZIZAN BIN ABDUL RAZAK @ RAJAB,IR AZIZAN RAZAK,PAKATAN HARAPAN,PH,3307
Kelantan,P.026 Ketereh,N.24 Kadok,2,AZAMI BIN HJ MOHD NOR,DATO' AZAMI,PARTI ISLAM SE MALAYSIA,PAS,10442
Kelantan,P.026 Ketereh,N.25 Kok Lanas,1,AHMAD BIN DERAMAN,AHMAD DERAMAN (ABE MAT JELIRA),BARISAN NASIONAL OF MALAYSIA,BN,7259
Kelantan,P.026 Ketereh,N.25 Kok Lanas,2,MOHAMED FARID BIN MOHAMED ZAWAWI,DATO' FARID,PARTI ISLAM SE MALAYSIA,PAS,15478
Kelantan,P.027 Tanah Merah,N.26 Bukit Panau,1,ABDUL FATTAH BIN HAJI MAHMOOD,DATO' ABDUL FATTAH,PARTI ISLAM SE MALAYSIA,PAS,22582
Kelantan,P.027 Tanah Merah,N.26 Bukit Panau,2,SAMSU ADABI BIN MAMAT,DATO' DR. SAMSUL ADABI,PAKATAN HARAPAN,PH,5954
Kelantan,P.027 Tanah Merah,N.27 Gual Ipoh,1,BAHARI BIN MOHAMAD NOR,BAHARI,PARTI ISLAM SE MALAYSIA,PAS,10320
Kelantan,P.027 Tanah Merah,N.27 Gual Ipoh,2,ZUHAIRI BIN ZAKARIA,ZUHAIRI (JERI),BARISAN NASIONAL OF MALAYSIA,BN,4368
Kelantan,P.027 Tanah Merah,N.28 Kemahang,1,MAZLI BIN MUSTAFA,MAZLI (ABE JEK),BARISAN NASIONAL OF MALAYSIA,BN,3064
Kelantan,P.027 Tanah Merah,N.28 Kemahang,2,MD ANIZAM BIN AB RAHMAN,DATO' MEJAR(B) NIZAM,PARTI ISLAM SE MALAYSIA,PAS,10375
Kelantan,P.028 Pasir Puteh,N.29 Selising,1,HASHIM BIN ISMAIL,DATO' CIKGU HASHIM,BARISAN NASIONAL OF MALAYSIA,BN,5578
Kelantan,P.028 Pasir Puteh,N.29 Selising,2,TUAN MOHD SARIPUDIN BIN TUAN ISMAIL,UST TUAN SARIPUDIN,PARTI ISLAM SE MALAYSIA,PAS,12481
Kelantan,P.028 Pasir Puteh,N.30 Limbongan,1,NOR ASILAH BINTI MOHAMED ZIN,USTAZAH ASILAH,PARTI ISLAM SE MALAYSIA,PAS,15183
Kelantan,P.028 Pasir Puteh,N.30 Limbongan,2,KAMARUDDIN BIN MAT ZIN,CIKGU DIN,PAKATAN HARAPAN,PH,5603
Kelantan,P.028 Pasir Puteh,N.31 Semerak,1,NOR SHAM BIN SULAIMAN,NORSHAM CIKGU ABANG,PARTI ISLAM SE MALAYSIA,PAS,11531
Kelantan,P.028 Pasir Puteh,N.31 Semerak,2,MARSHELA BINTI ALI,SHELA CIKGU ALI GOLOK,BARISAN NASIONAL OF MALAYSIA,BN,5703
Kelantan,P.028 Pasir Puteh,N.32 Gaal,1,MOHD RODZI BIN JA'AFAR,USTAZ RODZI,PARTI ISLAM SE MALAYSIA,PAS,10388
Kelantan,P.028 Pasir Puteh,N.32 Gaal,2,MOHD ALIFF NASROL BIN MAT NASIN,ALIF,BARISAN NASIONAL OF MALAYSIA,BN,3911
Kelantan,P.029 Machang,N.33 Pulai Chondong,1,AZHAR BIN SALLEH,USTAZ AZHAR,PARTI ISLAM SE MALAYSIA,PAS,11636
Kelantan,P.029 Machang,N.33 Pulai Chondong,2,MUHAMMAD FAKHRAN BIN CHE JUSOH @ YUSOFF,FAKHRAN,BARISAN NASIONAL OF MALAYSIA,BN,5599
Kelantan,P.029 Machang,N.34 Temangan,1,FAUZI BIN SEMAN,PAK TUA FAUZI,BEBAS,BEBAS,212
Kelantan,P.029 Machang,N.34 Temangan,2,ABDUL KADIR BIN HJ OTHMAN,CIKGU KADIR,PAKATAN HARAPAN,PH,3967
Kelantan,P.029 Machang,N.34 Temangan,3,MOHAMED FADZLI BIN HASSAN,DATO' DR. FADZLI HASSAN,PARTI ISLAM SE MALAYSIA,PAS,11446
Kelantan,P.029 Machang,N.35 Kemuning,1,MOHD FAKAARUDDIN BIN ISMAIL,ABE FAKARUDIN,BARISAN NASIONAL OF MALAYSIA,BN,7481
Kelantan,P.029 Machang,N.35 Kemuning,2,AHMAD ZAKHRAN BIN MAT NOOR,LAWYER ZAKHRAN,PARTI ISLAM SE MALAYSIA,PAS,13168
Kelantan,P.030 Jeli,N.36 Bukit Bunga,1,MOHD ALMIDI BIN JAAFAR,ALMIDI,PARTI ISLAM SE MALAYSIA,PAS,8540
Kelantan,P.030 Jeli,N.36 Bukit Bunga,2,MOHD ADHAN BIN KECHIK,DATO ADHAN,BARISAN NASIONAL OF MALAYSIA,BN,4388
Kelantan,P.030 Jeli,N.37 Air Lanas,1,KAMARUDIN BIN MD NOR,DATUK KAMARUDIN,PARTI ISLAM SE MALAYSIA,PAS,9535
Kelantan,P.030 Jeli,N.37 Air Lanas,2,NASRUL HADI BIN KAMARUZAMAN,NH NASRUL HADI,BARISAN NASIONAL OF MALAYSIA,BN,4526
Kelantan,P.030 Jeli,N.38 Kuala Balah,1,ABDUL HADI BIN AWANG KECHIL,DATO ' HADI,PARTI ISLAM SE MALAYSIA,PAS,6186
Kelantan,P.030 Jeli,N.38 Kuala Balah,2,MUHAMMAD YAMIN ANUAR BIN MAT ZIN,YAMIN ANUAR,BARISAN NASIONAL OF MALAYSIA,BN,3585
Kelantan,P.031 Kuala Krai,N.39 Mengkebang,1,MOHD SHUKRI BIN ISHAK,ABE YIE,PAKATAN HARAPAN,PH,3404
Kelantan,P.031 Kuala Krai,N.39 Mengkebang,2,ZUBIR BIN ABU BAKAR,HAJI ZUBIR,PARTI ISLAM SE MALAYSIA,PAS,12531
Kelantan,P.031 Kuala Krai,N.40 Guchil,1,ZUBER BIN HASSAN,DR ZUBER,BARISAN NASIONAL OF MALAYSIA,BN,4532
Kelantan,P.031 Kuala Krai,N.40 Guchil,2,HILMI BIN ABDULLAH,LAWYER MIE,PARTI ISLAM SE MALAYSIA,PAS,10826
Kelantan,P.031 Kuala Krai,N.41 Manek Urai,1,MOHD FAUZI BIN ABDULLAH,ABE UJI,PARTI ISLAM SE MALAYSIA,PAS,10355
Kelantan,P.031 Kuala Krai,N.41 Manek Urai,2,SUZAINI ADLINA BINTI SUKRI,CHE NIE,BARISAN NASIONAL OF MALAYSIA,BN,2865
Kelantan,P.031 Kuala Krai,N.42 Dabong,1,KU MOHD ZAKI BIN KU HUSSIN,TOK IME KU ZAKI,PARTI ISLAM SE MALAYSIA,PAS,5772
Kelantan,P.031 Kuala Krai,N.42 Dabong,2,AHMAD FIRDAUS BIN MUHAMMAD,ABE FIRDAUS,BARISAN NASIONAL OF MALAYSIA,BN,3326
Kelantan,P.032 Gua Musang,N.43 Nenggiri,1,AB AZIZ BIN YUSOFF,AB AZIZ BIN YUSOFF,BARISAN NASIONAL OF MALAYSIA,BN,5707
Kelantan,P.032 Gua Musang,N.43 Nenggiri,2,MOHD AZIZI BIN ABU NAIM,MOHD AZIZI ABU NAIM,PARTI ISLAM SE MALAYSIA,PAS,6517
Kelantan,P.032 Gua Musang,N.44 Paloh,1,SHAARI BIN MAT HUSSAIN,DATO SHAARI,PARTI ISLAM SE MALAYSIA,PAS,7407
Kelantan,P.032 Gua Musang,N.44 Paloh,2,AMRAN BIN ARIFIN,AMRAN ARIFIN,BARISAN NASIONAL OF MALAYSIA,BN,5202
Kelantan,P.032 Gua Musang,N.45 Galas,1,MOHD TARMIZI BIN ABD RAHMAN,USTAZ JI,PARTI ISLAM SE MALAYSIA,PAS,7405
Kelantan,P.032 Gua Musang,N.45 Galas,2,MOHD SYAHBUDDIN BIN HASHIM,ABE DIN,BARISAN NASIONAL OF MALAYSIA,BN,10742
Terengganu,P.033 Besut,N.01 Kuala Besut,1,TENGKU ZAIHAN BIN CHE KU ABD RAHMAN,TENGKU ZAIHAN,BARISAN NASIONAL OF MALAYSIA,BN,7377
Terengganu,P.033 Besut,N.01 Kuala Besut,2,AZBI BIN SALLEH,HAJI AZBI,PARTI ISLAM SE MALAYSIA,PAS,11496
Terengganu,P.033 Besut,N.02 Kota Putera,1,MOHD NURKHUZAINI BIN AB RAHMAN,HJ KHUZ,PARTI ISLAM SE MALAYSIA,PAS,13360
Terengganu,P.033 Besut,N.02 Kota Putera,2,MUHAMMAD PEHIMI BIN YUSOF,DATO' MUHAMMAD PEHIMI YUSOF,BARISAN NASIONAL OF MALAYSIA,BN,9551
Terengganu,P.033 Besut,N.03 Jertih,1,RIDUAN BIN MOHAMAD NOR,DR RIDUAN MOHAMAD NOR,PARTI ISLAM SE MALAYSIA,PAS,12122
Terengganu,P.033 Besut,N.03 Jertih,2,MOHD ROZAINI BIN MOHD RASLI,ROZAINI @ KOJA,BARISAN NASIONAL OF MALAYSIA,BN,7399
Terengganu,P.033 Besut,N.04 Hulu Besut,1,NAWI BIN MOHAMAD,NAWI BIN MOHAMAD,BARISAN NASIONAL OF MALAYSIA,BN,6665
Terengganu,P.033 Besut,N.04 Hulu Besut,2,CHE HARUN KAMARIAH BIN ABDULLAH,DR. CIKGU CHE HARUN KAMARIAH,BEBAS,BEBAS,180
Terengganu,P.033 Besut,N.04 Hulu Besut,3,MOHD HUSAIMI BIN HUSSIN,MIE CHE HUSSIN,PARTI ISLAM SE MALAYSIA,PAS,9525
Terengganu,P.034 Setiu,N.05 Jabi,1,ROSDI BIN ZAKARIA,USTAZ ROSDI ZAKARIA,BARISAN NASIONAL OF MALAYSIA,BN,6847
Terengganu,P.034 Setiu,N.05 Jabi,2,AZMAN BIN IBRAHIM,DR. AZMAN,PARTI ISLAM SE MALAYSIA,PAS,11523
Terengganu,P.034 Setiu,N.06 Permaisuri,1,HAMDAN BIN HAMZAH,HAMDAN HAMZAH,BARISAN NASIONAL OF MALAYSIA,BN,7299
Terengganu,P.034 Setiu,N.06 Permaisuri,2,MOHD YUSOP BIN MAJID,YUSOP MAJID,PARTI ISLAM SE MALAYSIA,PAS,14837
Terengganu,P.034 Setiu,N.07 Langkap,1,AZMI BIN MAAROF,AZMI MAAROF,PARTI ISLAM SE MALAYSIA,PAS,9553
Terengganu,P.034 Setiu,N.07 Langkap,2,SABRI BIN MOHD NOOR,DATO' HAJI SABRI MOHD NOOR,BARISAN NASIONAL OF MALAYSIA,BN,6819
Terengganu,P.034 Setiu,N.08 Batu Rakit,1,MOHD SHAFIZI BIN ISMAIL,USTAZ MOHD SHAFIZI,PARTI ISLAM SE MALAYSIA,PAS,14465
Terengganu,P.034 Setiu,N.08 Batu Rakit,2,BAZLAN BIN ABD RAHMAN,BAZLAN BIN ABD RAHMAN,BARISAN NASIONAL OF MALAYSIA,BN,8446
Terengganu,P.035 Kuala Nerus,N.09 Tepuh,1,HISHAMUDDIN BIN ABDUL KARIM,USTAZ HISHAMUDDIN,PARTI ISLAM SE MALAYSIA,PAS,17049
Terengganu,P.035 Kuala Nerus,N.09 Tepuh,2,MUHAMMAD HANAFI BIN HASSAN,MUHAMMAD HANAFI HASSAN,BARISAN NASIONAL OF MALAYSIA,BN,6155
Terengganu,P.035 Kuala Nerus,N.10 Buluh Gading,1,RIDZUAN BIN HASHIM,USTAZ RIDZUAN HASHIM,PARTI ISLAM SE MALAYSIA,PAS,16213
Terengganu,P.035 Kuala Nerus,N.10 Buluh Gading,2,OMAR BIN ADAM,OMAR BIN ADAM,BARISAN NASIONAL OF MALAYSIA,BN,5847
Terengganu,P.035 Kuala Nerus,N.11 Seberang Takir,1,AHMAD RAZIF BIN ABD RAHMAN,CIKGU RAZIF,BARISAN NASIONAL OF MALAYSIA,BN,9359
Terengganu,P.035 Kuala Nerus,N.11 Seberang Takir,2,KHAZAN BIN CHE MAT,USTAZ HAJI KHAZAN,PARTI ISLAM SE MALAYSIA,PAS,12156
Terengganu,P.035 Kuala Nerus,N.12 Bukit Tunggal,1,WAN NOORISLAM BIN WAN HASHIM,WAN NOORISLAM BIN WAN HASHIM,BARISAN NASIONAL OF MALAYSIA,BN,4345
Terengganu,P.035 Kuala Nerus,N.12 Bukit Tunggal,2,ZAHARUDIN BIN ZAHID,HAJI ZAHARUDIN,PARTI ISLAM SE MALAYSIA,PAS,12066
Terengganu,P.036 Kuala Terengganu,N.13 Wakaf Mempelam,1,WAN SUKAIRI BIN WAN ABDULLAH,USTAZ WAN SUKAIRI,PARTI ISLAM SE MALAYSIA,PAS,22345
Terengganu,P.036 Kuala Terengganu,N.13 Wakaf Mempelam,2,WAN MUHAMAD HAIKAL BIN WAN GHAZALI,WAN HAIKAL,PAKATAN HARAPAN,PH,3718
Terengganu,P.036 Kuala Terengganu,N.14 Bandar,1,AHMAD SHAH BIN MUHAMED,USTAZ AHMAD SHAH,PARTI ISLAM SE MALAYSIA,PAS,8438
Terengganu,P.036 Kuala Terengganu,N.14 Bandar,2,ARMI IRZAN BIN MOHD,ARMI IRZAN MOHD,BARISAN NASIONAL OF MALAYSIA,BN,6074
Terengganu,P.036 Kuala Terengganu,N.14 Bandar,3,LUQMAN BIN LONG,LUQMAN LONG,IKATAN DEMOKRATIK MALAYSIA,MUDA,372
Terengganu,P.036 Kuala Terengganu,N.15 Ladang,1,MOHD SABRI BIN ALWI,DATUK MAT,BARISAN NASIONAL OF MALAYSIA,BN,7290
Terengganu,P.036 Kuala Terengganu,N.15 Ladang,2,ZURAIDA BINTI MD.NOOR,ZURAIDA MD NOOR,PARTI ISLAM SE MALAYSIA,PAS,11663
Terengganu,P.036 Kuala Terengganu,N.16 Batu Buruk,1,MUHAMMAD KHALIL BIN ABDUL HADI,USTAZ KHALIL,PARTI ISLAM SE MALAYSIA,PAS,23767
Terengganu,P.036 Kuala Terengganu,N.16 Batu Buruk,2,MOHAMAD ZAMIR BIN GHAZALI,ZAMIR GHAZALI,PAKATAN HARAPAN,PH,6099
Terengganu,P.037 Marang,N.17 Alur Limbat,1,MOHD YUSERI BIN ISA,CIKGU MOHD YUSERI,BARISAN NASIONAL OF MALAYSIA,BN,7477
Terengganu,P.037 Marang,N.17 Alur Limbat,2,ARIFFIN BIN DERAMAN,USTAZ ARIFFIN,PARTI ISLAM SE MALAYSIA,PAS,20133
Terengganu,P.037 Marang,N.18 Bukit Payung,1,MOHD KHIM @ MOHD KHAN BIN ABD RAHMAN,MOHD KHAN,BARISAN NASIONAL OF MALAYSIA,BN,5882
Terengganu,P.037 Marang,N.18 Bukit Payung,2,MOHD NOR BIN HAMZAH,USTAZ MOHD NOR,PARTI ISLAM SE MALAYSIA,PAS,16838
Terengganu,P.037 Marang,N.19 Ru Rendang,1,SUHAIMI BIN SULAIMAN,HAJI SUHAIMI,PAKATAN HARAPAN,PH,3641
Terengganu,P.037 Marang,N.19 Ru Rendang,2,AHMAD SAMSURI BIN MOKHTAR,DR SAM,PARTI ISLAM SE MALAYSIA,PAS,20927
Terengganu,P.037 Marang,N.20 Pengkalan Berangan,1,SULAIMAN BIN SULONG,USTAZ SULAIMAN,PARTI ISLAM SE MALAYSIA,PAS,17946
Terengganu,P.037 Marang,N.20 Pengkalan Berangan,2,NIK DIR BIN NIK WAN KU,DATO' HAJI NIK DIR,BARISAN NASIONAL OF MALAYSIA,BN,9670
Terengganu,P.038 Hulu Terengganu,N.21 Telemung,1,MOHD ZAWAWI BIN ISMAIL,CIKGU AWI,PARTI ISLAM SE MALAYSIA,PAS,8380
Terengganu,P.038 Hulu Terengganu,N.21 Telemung,2,ROZI BIN MAMAT,DATO' ROZI MAMAT,BARISAN NASIONAL OF MALAYSIA,BN,8085
Terengganu,P.038 Hulu Terengganu,N.22 Manir,1,EKA LISUT,EKA LISUT,PAKATAN HARAPAN,PH,2211
Terengganu,P.038 Hulu Terengganu,N.22 Manir,2,HILMI BIN HARUN,USTAZ HILMI,PARTI ISLAM SE MALAYSIA,PAS,13471
Terengganu,P.038 Hulu Terengganu,N.23 Kuala Berang,1,JALALUDIN BIN ISMAIL,CG. JALAL,BARISAN NASIONAL OF MALAYSIA,BN,5353
Terengganu,P.038 Hulu Terengganu,N.23 Kuala Berang,2,MAMAD BIN PUTEH,DR.MAMAD,PARTI ISLAM SE MALAYSIA,PAS,11270
Terengganu,P.038 Hulu Terengganu,N.24 Ajil,1,JAILANI BIN JOHARI,JAILANI JOHARI,BARISAN NASIONAL OF MALAYSIA,BN,6104
Terengganu,P.038 Hulu Terengganu,N.24 Ajil,2,MALIAMAN BIN KASSIM,USTAZ MALIAMAN KASSIM,PARTI ISLAM SE MALAYSIA,PAS,12362
Terengganu,P.039 Dungun,N.25 Bukit Besi,1,GHAZALI BIN SULAIMAN,HAJI GHAZALI,PARTI ISLAM SE MALAYSIA,PAS,8552
Terengganu,P.039 Dungun,N.25 Bukit Besi,2,DIN BIN ADAM,DATO DIN ADAM,BARISAN NASIONAL OF MALAYSIA,BN,4840
Terengganu,P.039 Dungun,N.26 Rantau Abang,1,MOHD ASRI BIN MOHAMAD,MOHD ASRI BIN MOHAMAD,BARISAN NASIONAL OF MALAYSIA,BN,6037
Terengganu,P.039 Dungun,N.26 Rantau Abang,2,MOHD FADHLI RAHMI BIN ZULKIFLI,USTAZ MOHD FADHLI,PARTI ISLAM SE MALAYSIA,PAS,18959
Terengganu,P.039 Dungun,N.27 Sura,1,TENGKU MUHAMMAD FAKHRUDDIN BIN TENGKU MD FAUZI,DR DIN,PARTI ISLAM SE MALAYSIA,PAS,17395
Terengganu,P.039 Dungun,N.27 Sura,2,OTHMAN BIN OMAR,CIKGU OBO OTHMAN BIN OMAR,PAKATAN HARAPAN,PH,3547
Terengganu,P.039 Dungun,N.28 Paka,1,SATIFUL BAHARI BIN MAMAT,DATO' USTAZ SAIFUL BAHRI,PARTI ISLAM SE MALAYSIA,PAS,18681
Terengganu,P.039 Dungun,N.28 Paka,2,AHMAD ABDULLAH BIN ABD WAHAB,MAD PAKA,BARISAN NASIONAL OF MALAYSIA,BN,6805
Terengganu,P.040 Kemaman,N.29 Kemasik,1,SAIFUL AZMI BIN SUHAILI,IR HJ SAIFUL AZMI,PARTI ISLAM SE MALAYSIA,PAS,13778
Terengganu,P.040 Kemaman,N.29 Kemasik,2,MUHAMMAD KHAIRI AFIQ BIN MOHD YUSOF,KHAIRI AFIQ,BARISAN NASIONAL OF MALAYSIA,BN,7273
Terengganu,P.040 Kemaman,N.30 Kijal,1,RAZALI BIN IDRIS,TOK LI,PARTI ISLAM SE MALAYSIA,PAS,13403
Terengganu,P.040 Kemaman,N.30 Kijal,2,AHMAD BIN SAID,DATO' SERI (DR.) HJ. AHMAD BIN SAID,BARISAN NASIONAL OF MALAYSIA,BN,9645
Terengganu,P.040 Kemaman,N.31 Cukai,1,MOHAMED RAHIM BIN HUSSIN,DATO' SRI HAJI MOHAMED RAHIM BIN HUSSIN,BARISAN NASIONAL OF MALAYSIA,BN,10288
Terengganu,P.040 Kemaman,N.31 Cukai,2,HANAFIAH BIN MAT,HAJI HANAFIAH MAT,PARTI ISLAM SE MALAYSIA,PAS,18394
Terengganu,P.040 Kemaman,N.32 Air Putih,1,MOHD HAFIZ BIN ADAM,MOHD HAFIZ,PARTI ISLAM SE MALAYSIA,PAS,21664
Terengganu,P.040 Kemaman,N.32 Air Putih,2,MOHD ZAKI BIN SALLEH,DR. MOHD ZAKI BIN SALLEH,BARISAN NASIONAL OF MALAYSIA,BN,11336
Pulau Pinang,P.041 Kepala Batas,N.01 Penaga,1,MOHD YUSNI BIN MAT PIAH,USTAZ YUSNI,PERIKATAN NASIONAL ,PN,13223
Pulau Pinang,P.041 Kepala Batas,N.01 Penaga,2,MOHD NAIM BIN SALLEH,USTAZ MOHD NAIM BIN HJ. SALLEH,BARISAN NASIONAL OF MALAYSIA,BN,7686
Pulau Pinang,P.041 Kepala Batas,N.02 Bertam,1,REEZAL MERICAN BIN NAINA MERICAN,DATO SRI REEZAL MERICAN BIN NAINA MERICAN,BARISAN NASIONAL OF MALAYSIA,BN,10453
Pulau Pinang,P.041 Kepala Batas,N.02 Bertam,2,KHALIQ MEHTAB BIN MOHD ISHAQ,KHALIQ MEHTAB,PERIKATAN NASIONAL ,PN,8132
Pulau Pinang,P.041 Kepala Batas,N.03 Pinang Tunggal,1,ZAINUDDIN BIN MOHAMED,ZAINUDDIN MOHAMED,PAKATAN HARAPAN,PH,10132
Pulau Pinang,P.041 Kepala Batas,N.03 Pinang Tunggal,2,BUKHORI BIN GHAZALI,BUKHORI GHAZALI,PERIKATAN NASIONAL ,PN,17060
Pulau Pinang,P.042 Tasek Gelugor,N.04 Permatang Berangan,1,NOR HAFIZAH BINTI OTHMAN,NOR HAFIZAH BINTI OTHMAN,BARISAN NASIONAL OF MALAYSIA,BN,7001
Pulau Pinang,P.042 Tasek Gelugor,N.04 Permatang Berangan,2,MOHD SOBRI BIN SALEH,PAKCIK SOBRI,PERIKATAN NASIONAL ,PN,15950
Pulau Pinang,P.042 Tasek Gelugor,N.05 Sungai Dua,1,MUHAMMAD FAUZI BIN YUSOFF,USTAZ FAUZI,PERIKATAN NASIONAL ,PN,13988
Pulau Pinang,P.042 Tasek Gelugor,N.05 Sungai Dua,2,SHAIK HUSSEIN BIN MYDIN,DATO DR. SHAIK HUSSEIN MYDIN,BARISAN NASIONAL OF MALAYSIA,BN,8479
Pulau Pinang,P.042 Tasek Gelugor,N.06 Telok Ayer Tawar,1,ABDUL MOHSEIN BIN MOHD SHARIFF,MOHSEIN SHARIFF,PAKATAN HARAPAN,PH,8276
Pulau Pinang,P.042 Tasek Gelugor,N.06 Telok Ayer Tawar,2,AZMI BIN ALANG,AZMI ALANG,PERIKATAN NASIONAL ,PN,10223
Pulau Pinang,P.043 Bagan,N.07 Sungai Puyu,1,PHEE SYN TZE,PHEE SYN TZE,PAKATAN HARAPAN,PH,23838
Pulau Pinang,P.043 Bagan,N.07 Sungai Puyu,2,TEOW CHIN SIANG,ANDREW TEOW,PERIKATAN NASIONAL ,PN,2508
Pulau Pinang,P.043 Bagan,N.08 Bagan Jermal,1,ONG CHUAN JIN,CJ ONG,PERIKATAN NASIONAL ,PN,3538
Pulau Pinang,P.043 Bagan,N.08 Bagan Jermal,2,CHEE YEEH KEEN,CHEE YEEH KEEN,PAKATAN HARAPAN,PH,19687
Pulau Pinang,P.043 Bagan,N.09 Bagan Dalam,1,RAJASAKANAN A/L SINNAKANNU,RAJASAKANAN A/L SINNAKANNU,PENANG FRONT PARTY,PFP,115
Pulau Pinang,P.043 Bagan,N.09 Bagan Dalam,2,SATEES A/L MUNIANDY,SATEES MUNIANDY,BEBAS,BEBAS,1111
Pulau Pinang,P.043 Bagan,N.09 Bagan Dalam,3,JAYARAMAN A/L K KUNCHU KANNU,K. JAYARAMAN,PERIKATAN NASIONAL ,PN,2964
Pulau Pinang,P.043 Bagan,N.09 Bagan Dalam,4,KUMARAN A/L KRISHNAN,KUMARAN KRISHNAN @ CALVIN,PAKATAN HARAPAN,PH,10506
Pulau Pinang,P.044 Permatang Pauh,N.10 Seberang Jaya,1,JOHARI BIN KASSIM,JOHARI KASSIM,PAKATAN HARAPAN,PH,15951
Pulau Pinang,P.044 Permatang Pauh,N.10 Seberang Jaya,2,IZHAR SHAH BIN ARIF SHAH,IZHAR SHAH DATUK ARIF SHAH,PERIKATAN NASIONAL ,PN,20877
Pulau Pinang,P.044 Permatang Pauh,N.11 Permatang Pasir,1,AMIR HAMZAH B ABDUL HASHIM @ MD HASHIM,HAJI AMIR HAMZAH,PERIKATAN NASIONAL ,PN,13526
Pulau Pinang,P.044 Permatang Pauh,N.11 Permatang Pasir,2,MUHAMMAD FAIZ BIN FADZIL,FAIZ FADZIL,PAKATAN HARAPAN,PH,10418
Pulau Pinang,P.044 Permatang Pauh,N.12 Penanti,1,ROSIDI BIN HUSSAIN,USTAZ ROSIDI HUSSAIN,PAKATAN HARAPAN,PH,9011
Pulau Pinang,P.044 Permatang Pauh,N.12 Penanti,2,ZULKEFLI BIN BAKAR,ZULKEFLI BIN BAKAR,PERIKATAN NASIONAL ,PN,12586
Pulau Pinang,P.045 Bukit Mertajam,N.13 Berapit,1,HENG LEE LEE,HENG LEE LEE,PAKATAN HARAPAN,PH,19183
Pulau Pinang,P.045 Bukit Mertajam,N.13 Berapit,2,LEE KOK KEONG,LEE KOK KEONG,PERIKATAN NASIONAL ,PN,1130
Pulau Pinang,P.045 Bukit Mertajam,N.14 Machang Bubuk,1,LEE KHAI LOON,LEE KHAI LOON,PAKATAN HARAPAN,PH,28777
Pulau Pinang,P.045 Bukit Mertajam,N.14 Machang Bubuk,2,TAN HUM WEI,ANDY TAN HUM WEI,PERIKATAN NASIONAL ,PN,12855
Pulau Pinang,P.045 Bukit Mertajam,N.15 Padang Lalang,1,SURESH A/L DEVARAJ NAIDU,SURESH,PERIKATAN NASIONAL ,PN,2867
Pulau Pinang,P.045 Bukit Mertajam,N.15 Padang Lalang,2,OOI KHAR GIAP,OOI KHAR GIAP,PENANG FRONT PARTY,PFP,218
Pulau Pinang,P.045 Bukit Mertajam,N.15 Padang Lalang,3,GOOI ZI SEN,GOOI ZI SEN,PAKATAN HARAPAN,PH,22315
Pulau Pinang,P.046 Batu Kawan,N.16 Perai,1,VIKNESWARY A/P HARIKRISHNAN,VIKY,IKATAN DEMOKRATIK MALAYSIA,MUDA,253
Pulau Pinang,P.046 Batu Kawan,N.16 Perai,2,SUNDARAJOO A/L SOMU,SUNDARAJOO SOMU,PAKATAN HARAPAN,PH,10680
Pulau Pinang,P.046 Batu Kawan,N.16 Perai,3,DAVID MARSHEL A/L PAKIANATHAN,DAVID MARSHEL,BEBAS,BEBAS,1439
Pulau Pinang,P.046 Batu Kawan,N.16 Perai,4,SIVASUNTARAM A/L RAJALINGGAM,SIVASUNTARAM A/L RAJALINGGAM,PERIKATAN NASIONAL ,PN,1541
Pulau Pinang,P.046 Batu Kawan,N.17 Bukit Tengah,1,GOOI HSIAO-LEUNG,GOOI HSIAO-LEUNG,PAKATAN HARAPAN,PH,16050
Pulau Pinang,P.046 Batu Kawan,N.17 Bukit Tengah,2,BALJIT SINGH A/L JIGIRI SINGH,BALJIT SINGH,PERIKATAN NASIONAL ,PN,7353
Pulau Pinang,P.046 Batu Kawan,N.18 Bukit Tambun,1,GOH CHOON AIK,GOH CHOON AIK,PAKATAN HARAPAN,PH,21985
Pulau Pinang,P.046 Batu Kawan,N.18 Bukit Tambun,2,SAMUGANATHAN A/L MUNIANDY,SAMUGANATHAN A/L MUNIANDY,BEBAS,BEBAS,468
Pulau Pinang,P.046 Batu Kawan,N.18 Bukit Tambun,3,TAN GIA WEI,TAN GIA WEI,PERIKATAN NASIONAL ,PN,4810
Pulau Pinang,P.047 Nibong Tebal,N.19 Jawi,1,H'NG MOOI LYE,H'NG MOOI LYE,PAKATAN HARAPAN,PH,20641
Pulau Pinang,P.047 Nibong Tebal,N.19 Jawi,2,KOH TIEN YEW,STEVEN KOH,PERIKATAN NASIONAL ,PN,5322
Pulau Pinang,P.047 Nibong Tebal,N.20 Sungai Bakap,1,NOR ZAMRI BIN LATIFF,ABANG ZAM,PERIKATAN NASIONAL ,PN,15433
Pulau Pinang,P.047 Nibong Tebal,N.20 Sungai Bakap,2,NURHIDAYAH BINTI CHE ROSE,NURHIDAYAH,PAKATAN HARAPAN,PH,13870
Pulau Pinang,P.047 Nibong Tebal,N.21 Sungai Acheh,1,ZULKIFLI BIN IBRAHIM,ZULKIFLI BIN IBRAHIM,PERIKATAN NASIONAL ,PN,9432
Pulau Pinang,P.047 Nibong Tebal,N.21 Sungai Acheh,2,RASHIDI BIN ZINOL,RASHIDI BIN ZINOL,BARISAN NASIONAL OF MALAYSIA,BN,9556
Pulau Pinang,P.048 Bukit Bendera,N.22 Tanjong Bunga,1,ZAIRIL KHIR JOHARI,ZAIRIL KHIR JOHARI,PAKATAN HARAPAN,PH,13257
Pulau Pinang,P.048 Bukit Bendera,N.22 Tanjong Bunga,2,LEE CHUI WAH,LEE CHUI WAH,PARTI RAKYAT MALAYSIA,PRM,518
Pulau Pinang,P.048 Bukit Bendera,N.22 Tanjong Bunga,3,HNG CHEE WEY,HNG CHEE WEY,PERIKATAN NASIONAL ,PN,4430
Pulau Pinang,P.048 Bukit Bendera,N.23 Air Putih,1,TEH YEE CHEU,TEH YEE CHEU,PARTI RAKYAT MALAYSIA,PRM,437
Pulau Pinang,P.048 Bukit Bendera,N.23 Air Putih,2,KONG CHENG ANN,IVAN KONG,PERIKATAN NASIONAL ,PN,1073
Pulau Pinang,P.048 Bukit Bendera,N.23 Air Putih,3,LIM GUAN ENG,LIM GUAN ENG,PAKATAN HARAPAN,PH,8996
Pulau Pinang,P.048 Bukit Bendera,N.24 Kebun Bunga,1,RAZALIF BIN MOHAMAD ZAIN,RAZALIF BIN MOHAMAD ZAIN,BEBAS,BEBAS,757
Pulau Pinang,P.048 Bukit Bendera,N.24 Kebun Bunga,2,TAN ZHEN ZUNE,TAN ZHEN ZUNE,PERIKATAN NASIONAL ,PN,1204
Pulau Pinang,P.048 Bukit Bendera,N.24 Kebun Bunga,3,LEE BOON HENG,LEE BOON HENG,PAKATAN HARAPAN,PH,14159
Pulau Pinang,P.048 Bukit Bendera,N.25 Pulau Tikus,1,GOH CHUIN LOON,GOH CHUIN LOON,PARTI RAKYAT MALAYSIA,PRM,220
Pulau Pinang,P.048 Bukit Bendera,N.25 Pulau Tikus,2,WOO SZE ZENG,JOSHUA WOO SZE ZENG,PAKATAN HARAPAN,PH,11577
Pulau Pinang,P.048 Bukit Bendera,N.25 Pulau Tikus,3,TANG CHING SERN,DAVE TANG,PERIKATAN NASIONAL ,PN,1808
Pulau Pinang,P.049 Tanjong,N.26 Padang Kota,1,H'NG KHOON LENG,H'NG KHOON LENG,PERIKATAN NASIONAL ,PN,1145
Pulau Pinang,P.049 Tanjong,N.26 Padang Kota,2,CHOW KON YEOW,CHOW KON YEOW,PAKATAN HARAPAN,PH,8261
Pulau Pinang,P.049 Tanjong,N.27 Pengkalan Kota,1,SUTHAKARAN A/L SUBRAMANIAM,S. KARAN MAYAN,PERIKATAN NASIONAL ,PN,845
Pulau Pinang,P.049 Tanjong,N.27 Pengkalan Kota,2,WONG YUEE HARNG,WONG YUEE HARNG,PAKATAN HARAPAN,PH,14921
Pulau Pinang,P.049 Tanjong,N.28 Komtar,1,CHEAH KIM HUAT,CHEAH KIM HUAT,PERIKATAN NASIONAL ,PN,1435
Pulau Pinang,P.049 Tanjong,N.28 Komtar,2,TEH LAI HENG,TEH LAI HENG,PAKATAN HARAPAN,PH,9279
Pulau Pinang,P.050 Jelutong,N.29 Datok Keramat,1,JAGDEEP SINGH DEO A/L KARPAL SINGH,JAGDEEP SINGH DEO A/L KARPAL SINGH,PAKATAN HARAPAN,PH,13398
Pulau Pinang,P.050 Jelutong,N.29 Datok Keramat,2,HENG SEE LIN,HENG SEE LIN,PERIKATAN NASIONAL ,PN,5054
Pulau Pinang,P.050 Jelutong,N.30 Sungai Pinang,1,ANDREW RAJAH A/L BELLIMIN RAJAH,ANDREW RAJAH,BEBAS,BEBAS,221
Pulau Pinang,P.050 Jelutong,N.30 Sungai Pinang,2,LIM SIEW KHIM,LIM SIEW KHIM,PAKATAN HARAPAN,PH,16026
Pulau Pinang,P.050 Jelutong,N.30 Sungai Pinang,3,NG FOOK ON,NG FOOK ON,PERIKATAN NASIONAL ,PN,7738
Pulau Pinang,P.050 Jelutong,N.30 Sungai Pinang,4,ABDUL GHANI BIN HAROON,ABDUL GHANI HAROON,PARTI RAKYAT MALAYSIA,PRM,623
Pulau Pinang,P.050 Jelutong,N.31 Batu Lancang,1,ONG AH TEONG,ONG AH TEONG,PAKATAN HARAPAN,PH,21796
Pulau Pinang,P.050 Jelutong,N.31 Batu Lancang,2,MOHD ASWAAD BIN JAAFAR,MOHD ASWAAD BIN JAAFAR,PERIKATAN NASIONAL ,PN,1865
Pulau Pinang,P.051 Bukit Gelugor,N.32 Seri Delima,1,MOHAN A/L APPAROO,A MOHAN,PERIKATAN NASIONAL ,PN,3950
Pulau Pinang,P.051 Bukit Gelugor,N.32 Seri Delima,2,TAN HOOI PENG,CONNIE TAN HOOI PENG,PAKATAN HARAPAN,PH,16384
Pulau Pinang,P.051 Bukit Gelugor,N.33 Air Itam,1,JOSEPH NG SOON SIANG,JOSEPH NG SOON SIANG,PAKATAN HARAPAN,PH,12456
Pulau Pinang,P.051 Bukit Gelugor,N.33 Air Itam,2,CHEANG CHEE GOOI,CHEANG CHEE GOOI,PERIKATAN NASIONAL ,PN,3267
Pulau Pinang,P.051 Bukit Gelugor,N.34 Paya Terubong,1,WONG HON WAI,WONG HON WAI,PAKATAN HARAPAN,PH,40530
Pulau Pinang,P.051 Bukit Gelugor,N.34 Paya Terubong,2,OOI GHEE OON,ANDREW OOI,PERIKATAN NASIONAL ,PN,3728
Pulau Pinang,P.052 Bayan Baru,N.35 Batu Uban,1,LEE KIM NOOR,KN LEE,IKATAN DEMOKRATIK MALAYSIA,MUDA,803
Pulau Pinang,P.052 Bayan Baru,N.35 Batu Uban,2,KUMARESAN A/L ARAMUGAM,A.KUMARESAN,PAKATAN HARAPAN,PH,22773
Pulau Pinang,P.052 Bayan Baru,N.35 Batu Uban,3,MOK KOK ON,MOK KOK ON,PERIKATAN NASIONAL ,PN,6065
Pulau Pinang,P.052 Bayan Baru,N.36 Pantai Jerejak,1,FAHMI BIN ZAINOL,FAHMI ZAINOL,PAKATAN HARAPAN,PH,14116
Pulau Pinang,P.052 Bayan Baru,N.36 Pantai Jerejak,2,OH TONG KEONG,OH TONG KEONG,PERIKATAN NASIONAL ,PN,5519
Pulau Pinang,P.052 Bayan Baru,N.36 Pantai Jerejak,3,LOH XIANG PIN,PRIYANKAA LOH,IKATAN DEMOKRATIK MALAYSIA,MUDA,472
Pulau Pinang,P.052 Bayan Baru,N.36 Pantai Jerejak,4,RAVINDER SINGH A/L MALL SINGH,RAVINDER SINGH,PARTI RAKYAT MALAYSIA,PRM,76
Pulau Pinang,P.052 Bayan Baru,N.37 Batu Maung,1,AZAHARI BIN ARIS,AZAHARI BIN ARIS,PERIKATAN NASIONAL ,PN,15718
Pulau Pinang,P.052 Bayan Baru,N.37 Batu Maung,2,MOHAMAD BIN ABDUL HAMID,PROF. DATO' DR. MOHAMAD,PAKATAN HARAPAN,PH,18939
Pulau Pinang,P.053 Balik Pulau,N.38 Bayan Lepas,1,DOMINIC LAU HOE CHAI,DR DOMINIC LAU HOE CHAI,PERIKATAN NASIONAL ,PN,13573
Pulau Pinang,P.053 Balik Pulau,N.38 Bayan Lepas,2,AZRUL MAHATHIR BIN AZIZ,AZRUL MAHATHIR BIN AZIZ,PAKATAN HARAPAN,PH,15462
Pulau Pinang,P.053 Balik Pulau,N.39 Pulau Betong,1,MOHD TUAH BIN ISMAIL,HJ. TUAH B. ISMAIL,PAKATAN HARAPAN,PH,8483
Pulau Pinang,P.053 Balik Pulau,N.39 Pulau Betong,2,MOHAMAD SHUKOR BIN ZAKARIAH,HJ. SHUKOR,PERIKATAN NASIONAL ,PN,9534
Pulau Pinang,P.053 Balik Pulau,N.40 Telok Bahang,1,AHMAD ZAKI SHAH BIN SHAH HEADAN,AHMAD ZAKI SHAH BIN SHAH HEADAN,BARISAN NASIONAL OF MALAYSIA,BN,6301
Pulau Pinang,P.053 Balik Pulau,N.40 Telok Bahang,2,MUHAMAD BIN KASIM,KOLONEL MUHAMAD BIN KASIM (B),PERIKATAN NASIONAL ,PN,7245
Selangor,P.092 Sabak Bernam,N.01 Sungai Air Tawar,1,MOHAMAD ZAIDI BIN SELAMAT,CIKGU ZAIDI SELAMAT,PERIKATAN NASIONAL ,PN,7024
Selangor,P.092 Sabak Bernam,N.01 Sungai Air Tawar,2,RIZAM BIN ISMAIL,DATUK HAJI RIZAM ISMAIL,BARISAN NASIONAL OF MALAYSIA,BN,7870
Selangor,P.092 Sabak Bernam,N.02 Sabak,1,SAMAD BIN HASHIM,CIKGU SAMAD BIN HASHIM,PAKATAN HARAPAN,PH,9216
Selangor,P.092 Sabak Bernam,N.02 Sabak,2,SALLEHEN BIN MUKHYI,USTAZ SALLEHEN MUKHYI,PERIKATAN NASIONAL ,PN,13431
Selangor,P.093 Sungai Besar,N.03 Sungai Panjang,1,MOHD IMRAN BIN TAMRIN,MOHD IMRAN BIN TAMRIN,BARISAN NASIONAL OF MALAYSIA,BN,13401
Selangor,P.093 Sungai Besar,N.03 Sungai Panjang,2,MOHD RAZALI BIN SAARI,USTAZ RAZALI SAARI,PERIKATAN NASIONAL ,PN,16977
Selangor,P.093 Sungai Besar,N.04 Sekinchan,1,GOH GAIK MENG,GOH GAIK MENG,PERIKATAN NASIONAL ,PN,6214
Selangor,P.093 Sungai Besar,N.04 Sekinchan,2,NG SUEE LIM,NG SUEE LIM,PAKATAN HARAPAN,PH,10232
Selangor,P.094 Hulu Selangor,N.05 Hulu Bernam,1,MOHD AMRAN BIN SAKIR,HAJI AMRAN SAKIR,PAKATAN HARAPAN,PH,10049
Selangor,P.094 Hulu Selangor,N.05 Hulu Bernam,2,MU'IZZUDDEEN BIN MAHYUDDIN,MUIZ MAHYUDDIN,PERIKATAN NASIONAL ,PN,10718
Selangor,P.094 Hulu Selangor,N.06 Kuala Kubu Baharu,1,TEOH KIEN HONG,HENRY TEOH,PERIKATAN NASIONAL ,PN,10743
Selangor,P.094 Hulu Selangor,N.06 Kuala Kubu Baharu,2,CHNG BOON LAI,CHNG BOON LAI,PARTI RAKYAT MALAYSIA,PRM,527
Selangor,P.094 Hulu Selangor,N.06 Kuala Kubu Baharu,3,LEE KEE HIONG,LEE KEE HIONG,PAKATAN HARAPAN,PH,14862
Selangor,P.094 Hulu Selangor,N.06 Kuala Kubu Baharu,4,SIVA PRAKASH A/L RAMASAMY,DR SIVA,IKATAN DEMOKRATIK MALAYSIA,MUDA,1186
Selangor,P.094 Hulu Selangor,N.07 Batang Kali,1,MUHAMMAD MUHAIMIN HARITH BIN ABDULLAH SANI,MUHAIMIN HARITH,PERIKATAN NASIONAL ,PN,32285
Selangor,P.094 Hulu Selangor,N.07 Batang Kali,2,MOHD ISA BIN ABU KASIM,MOHD ISA BIN ABU KASIM,BARISAN NASIONAL OF MALAYSIA,BN,29307
Selangor,P.095 Tanjong Karang,N.08 Sungai Burong,1,MOHD ZAMRI BIN MOHD ZAINULDIN,DR ZAMRI MANTOP,PERIKATAN NASIONAL ,PN,15447
Selangor,P.095 Tanjong Karang,N.08 Sungai Burong,2,MOHAMAD KHIR BIN RAMLI,USTAZ KHIR,BARISAN NASIONAL OF MALAYSIA,BN,8605
Selangor,P.095 Tanjong Karang,N.09 Permatang,1,MOHD YAHYA BIN MAT SAHRI,PAKYA,PAKATAN HARAPAN,PH,11122
Selangor,P.095 Tanjong Karang,N.09 Permatang,2,NURUL SYAZWANI BINTI NOH,NURUL NOH OMAR,PERIKATAN NASIONAL ,PN,12850
Selangor,P.096 Kuala Selangor,N.10 Bukit Melawati,1,THIBAN A/L SUBBRAMANIAM,THIBAN A/L SUBBRAMANIAM,PAKATAN HARAPAN,PH,13795
Selangor,P.096 Kuala Selangor,N.10 Bukit Melawati,2,NOORAZLEY BIN YAHYA,HJ. AZLEY YAHYA,PERIKATAN NASIONAL ,PN,14672
Selangor,P.096 Kuala Selangor,N.11 Ijok,1,JEFRI BIN MEJAN,JEFRI BIN MEJAN,PERIKATAN NASIONAL ,PN,12183
Selangor,P.096 Kuala Selangor,N.11 Ijok,2,AMIDI BIN ABDUL MANAN,CIKGU AMIDI,PAKATAN HARAPAN,PH,11271
Selangor,P.096 Kuala Selangor,N.11 Ijok,3,TAN CAT KEONG,CK TAN,BEBAS,BEBAS,194
Selangor,P.096 Kuala Selangor,N.12 Jeram,1,JAHAYA BIN IBRAHIM,JAHAYA IBRAHIM,BARISAN NASIONAL OF MALAYSIA,BN,11333
Selangor,P.096 Kuala Selangor,N.12 Jeram,2,HARRISON BIN HASSAN,HARRISON BIN HASSAN,PERIKATAN NASIONAL ,PN,16731
Selangor,P.097 Selayang,N.13 Kuang,1,HASNAL REZUA MERICAN BIN HABIB MERICAN,HASNAL REZUA MERICAN,BARISAN NASIONAL OF MALAYSIA,BN,13619
Selangor,P.097 Selayang,N.13 Kuang,2,SALLEHUDIN BIN AMIRUDDIN,YB. SALLEH AMIRUDDIN,BEBAS,BEBAS,1287
Selangor,P.097 Selayang,N.13 Kuang,3,MOHD RAFIQ BIN MOHD ABDULLAH,MOHD RAFIQ ABDULLAH,PERIKATAN NASIONAL ,PN,18494
Selangor,P.097 Selayang,N.14 Rawang,1,REJEAN KUMAR A/L RATNAM,R. REJEAN KUMAR,PERIKATAN NASIONAL ,PN,13510
Selangor,P.097 Selayang,N.14 Rawang,2,CHUA WEI KIAT,CHUA WEI KIAT,PAKATAN HARAPAN,PH,39168
Selangor,P.097 Selayang,N.15 Taman Templer,1,AIDA NAZEERA BINTI ABD RAHMAN,AIDA RAHMAN,IKATAN DEMOKRATIK MALAYSIA,MUDA,765
Selangor,P.097 Selayang,N.15 Taman Templer,2,ANFAAL BINTI SAARI,ANFAAL SAARI,PAKATAN HARAPAN,PH,22247
Selangor,P.097 Selayang,N.15 Taman Templer,3,ZAIDY BIN ABDUL TALIB,ZAIDY ABDUL TALIB,PERIKATAN NASIONAL ,PN,21780
Selangor,P.098 Gombak,N.16 Sungai Tua,1,SUMAN A/L GOPAL,SUMAN GOPAL,BEBAS,BEBAS,430
Selangor,P.098 Gombak,N.16 Sungai Tua,2,MUHAMMAD HANIF BIN JAMALUDDIN,HANIF JAMALUDDIN,PERIKATAN NASIONAL ,PN,14493
Selangor,P.098 Gombak,N.16 Sungai Tua,3,AMIRUDIN BIN SHARI,AMIRUDIN SHARI,PAKATAN HARAPAN,PH,19678
Selangor,P.098 Gombak,N.17 Gombak Setia,1,MOHAMED SALIM BIN MOHAMED ALI,MOHAMED SALIM BIN MOHAMED ALI,BEBAS,BEBAS,1076
Selangor,P.098 Gombak,N.17 Gombak Setia,2,MUHAMMAD HILMAN BIN IDHAM,HILMAN IDHAM,PERIKATAN NASIONAL ,PN,30299
Selangor,P.098 Gombak,N.17 Gombak Setia,3,MEGAT ZULKARNAIN BIN OMARDIN,MEGAT ZULKARNAIN OMARDIN,BARISAN NASIONAL OF MALAYSIA,BN,30241
Selangor,P.098 Gombak,N.18 Hulu Kelang,1,MOHAMED AZMIN BIN ALI,AZMIN ALI,PERIKATAN NASIONAL ,PN,25597
Selangor,P.098 Gombak,N.18 Hulu Kelang,2,JUWAIRIYA BINTI ZULKIFLI,JUWAIRIYA ZULKIFLI,PAKATAN HARAPAN,PH,23980
Selangor,P.099 Ampang,N.19 Bukit Antarabangsa,1,MELANIE TING YI-HLIN,MELANIE TING,IKATAN DEMOKRATIK MALAYSIA,MUDA,1462
Selangor,P.099 Ampang,N.19 Bukit Antarabangsa,2,SASHA LYNA BINTI ABDUL LATIF,SASHA LYNA,PERIKATAN NASIONAL ,PN,14492
Selangor,P.099 Ampang,N.19 Bukit Antarabangsa,3,MOHD.KAMRI BIN KAMARUDDIN,KAMRI KAMARUDDIN,PAKATAN HARAPAN,PH,30772
Selangor,P.099 Ampang,N.20 Lembah Jaya,1,SYED AHMAD BIN ABDUL RAHMAN ALHADAD,SYED AHMAD @ ALTIMET,PAKATAN HARAPAN,PH,26298
Selangor,P.099 Ampang,N.20 Lembah Jaya,2,SHARIFAH HASLIZAH BINTI SYED ARIFFIN,CIKGU SHARIFAH,PERIKATAN NASIONAL ,PN,19620
Selangor,P.100 Pandan,N.21 Pandan Indah,1,NOOR FARALISA BINTI REDZUAN,LISA REDZUAN,IKATAN DEMOKRATIK MALAYSIA,MUDA,1166
Selangor,P.100 Pandan,N.21 Pandan Indah,2,FAZIL BIN MOHAMAD DALI,FAZIL MOHAMAD DALI (CIKTON),PERIKATAN NASIONAL ,PN,17287
Selangor,P.100 Pandan,N.21 Pandan Indah,3,SIVANESWARAN A/L RAMASUNDRAM,SIVANESWARAN A/L RAMASUNDRAM,BEBAS,BEBAS,171
Selangor,P.100 Pandan,N.21 Pandan Indah,4,IZHAM BIN HASHIM,IZHAM HASHIM,PAKATAN HARAPAN,PH,27878
Selangor,P.100 Pandan,N.22 Teratai,1,CHEW HAN KEAI,CHEW HAN KEAI,PERIKATAN NASIONAL ,PN,10586
Selangor,P.100 Pandan,N.22 Teratai,2,YEW JIA HAUR,YEW JIA HAUR,PAKATAN HARAPAN,PH,42519
Selangor,P.101 Hulu Langat,N.23 Dusun Tua,1,JOHAN BIN ABD AZIZ,JOHAN ABD AZIZ,BARISAN NASIONAL OF MALAYSIA,BN,26755
Selangor,P.101 Hulu Langat,N.23 Dusun Tua,2,AL HAFIZ IKHWAN BIN MOHAMAD ASAAD,AL HAFIZ IKHWAN,IKATAN DEMOKRATIK MALAYSIA,MUDA,3110
Selangor,P.101 Hulu Langat,N.23 Dusun Tua,3,AZHAR BIN HAMBALI,AZHAR HAMBALI,PERIKATAN NASIONAL ,PN,23741
Selangor,P.101 Hulu Langat,N.24 Semenyih,1,WAN ZULAIKA BINTI ANUA,WAN ZULAIKA ANUA,BARISAN NASIONAL OF MALAYSIA,BN,35806
Selangor,P.101 Hulu Langat,N.24 Semenyih,2,NUSHI BIN MAHFODZ,NUSHI MAHFODZ,PERIKATAN NASIONAL ,PN,37068
Selangor,P.102 Bangi,N.25 Kajang,1,CHEONG KIAN YOUNG,DAVID CHEONG,PAKATAN HARAPAN,PH,54794
Selangor,P.102 Bangi,N.25 Kajang,2,LIEW SIN KIM,ALLAN LIEW SIN KIM,PERIKATAN NASIONAL ,PN,20400
Selangor,P.102 Bangi,N.25 Kajang,3,ARUTCHELVAN A/L SUBRAMANIAMS,ARUL,PARTI SOSIALIS MALAYSIA (BARU),PSM,2681
Selangor,P.102 Bangi,N.26 Sungai Ramal,1,MOHD SHAFIE BIN NGAH,SHAFIE NGAH,PERIKATAN NASIONAL ,PN,40259
Selangor,P.102 Bangi,N.26 Sungai Ramal,2,MAZWAN BIN JOHAR,HAJI MAZWAN JOHAR,PAKATAN HARAPAN,PH,32492
Selangor,P.102 Bangi,N.27 Balakong,1,ONG CHUN WEI,WAYNE ONG CHUN WEI,PAKATAN HARAPAN,PH,54995
Selangor,P.102 Bangi,N.27 Balakong,2,LAI CHOON WEN,STEVEN LAI,PERIKATAN NASIONAL ,PN,17163
Selangor,P.103 Puchong,N.28 Seri Kembangan,1,LIAU WEI JIAN,KEN LIAU,PERIKATAN NASIONAL ,PN,3524
Selangor,P.103 Puchong,N.28 Seri Kembangan,2,WONG JUNG LIK,SERDANG WONG JUNG LIK,BEBAS,BEBAS,1229
Selangor,P.103 Puchong,N.28 Seri Kembangan,3,WONG SIEW KI,WONG SIEW KI,PAKATAN HARAPAN,PH,39684
Selangor,P.103 Puchong,N.29 Seri Serdang,1,AMIR HARIRI BIN ABD HADI,AMIR HADI,IKATAN DEMOKRATIK MALAYSIA,MUDA,1834
Selangor,P.103 Puchong,N.29 Seri Serdang,2,MOHD SHUKOR BIN MUSTAFFA,MOHD SHUKOR,PERIKATAN NASIONAL ,PN,26659
Selangor,P.103 Puchong,N.29 Seri Serdang,3,ABBAS SALIMMI BIN CHE ADZMI @ AZMI,ABBAS AZMI,PAKATAN HARAPAN,PH,37411
Selangor,P.104 Subang,N.30 Kinrara,1,NG SZE HAN,NG SZE HAN,PAKATAN HARAPAN,PH,71290
Selangor,P.104 Subang,N.30 Kinrara,2,WONG YONG KANG,WONG YONG KANG,PERIKATAN NASIONAL ,PN,16755
Selangor,P.104 Subang,N.31 Subang Jaya,1,MICHELLE NG MEI SZE,MICHELLE NG MEI SZE,PAKATAN HARAPAN,PH,60364
Selangor,P.104 Subang,N.31 Subang Jaya,2,GANA PRAGASAM A/L SEBASTIAN,S.GANA,PERIKATAN NASIONAL ,PN,9173
Selangor,P.104 Subang,N.31 Subang Jaya,3,ZAYD BIN SHAUKAT ALI,ZAYD SHAUKAT,IKATAN DEMOKRATIK MALAYSIA,MUDA,4749
Selangor,P.105 Petaling Jaya,N.32 Seri Setia,1,HARINDRAN A/L KRISHNAN,HARINDRAN A/L KRISHNAN,BEBAS,BEBAS,693
Selangor,P.105 Petaling Jaya,N.32 Seri Setia,2,CHEW CHUAN YANG,DOBBY CHEW,IKATAN DEMOKRATIK MALAYSIA,MUDA,1357
Selangor,P.105 Petaling Jaya,N.32 Seri Setia,3,MOHAMMAD FAHMI BIN NGAH,DR.FAHMI NGAH,PAKATAN HARAPAN,PH,32367
Selangor,P.105 Petaling Jaya,N.32 Seri Setia,4,MOHD ZUBIR BIN EMBONG,MOHD ZUBIR EMBONG,PERIKATAN NASIONAL ,PN,21036
Selangor,P.105 Petaling Jaya,N.33 Taman Medan,1,AHMAD AKHIR BIN PAWAN CHIK,AHMAD AKHIR PAWAN CHIK,PAKATAN HARAPAN,PH,22286
Selangor,P.105 Petaling Jaya,N.33 Taman Medan,2,AFIF BIN BAHARDIN,DR. AFIF BAHARDIN,PERIKATAN NASIONAL ,PN,22316
Selangor,P.105 Petaling Jaya,N.34 Bukit Gasing,1,KALYANA RAJASEKARAN A/L TEAGARAJAN,VKK RAJA,IKATAN DEMOKRATIK MALAYSIA,MUDA,1390
Selangor,P.105 Petaling Jaya,N.34 Bukit Gasing,2,NALLAN A/L DHANABALAN,NALLAN DHANABALAN,PERIKATAN NASIONAL ,PN,3255
Selangor,P.105 Petaling Jaya,N.34 Bukit Gasing,3,RAJIV A/L RISHYAKARAN,RAJIV RISHYAKARAN,PAKATAN HARAPAN,PH,28227
Selangor,P.106 Damansara,N.35 Kampung Tunku,1,CHIN YOKE KHENG,RUBY CHIN,PERIKATAN NASIONAL ,PN,3367
Selangor,P.106 Damansara,N.35 Kampung Tunku,2,LIM YI WEI,LIM YI WEI,PAKATAN HARAPAN,PH,33640
Selangor,P.106 Damansara,N.36 Bandar Utama,1,JAMALIAH BINTI JAMALUDDIN,JAMALIAH BINTI JAMALUDDIN,PAKATAN HARAPAN,PH,39845
Selangor,P.106 Damansara,N.36 Bandar Utama,2,LIM HOOI SEAN,ABE LIM,IKATAN DEMOKRATIK MALAYSIA,MUDA,2496
Selangor,P.106 Damansara,N.36 Bandar Utama,3,NUR ALIFF BIN MOHD TAFID,ALIFF TAUFID,PERIKATAN NASIONAL ,PN,4399
Selangor,P.106 Damansara,N.37 Bukit Lanjan,1,MUNIRAA BINTI ABU BAKAR,MUNIRAA ABU BAKAR,PERIKATAN NASIONAL ,PN,15824
Selangor,P.106 Damansara,N.37 Bukit Lanjan,2,PUA PEI LING,PEI LING,PAKATAN HARAPAN,PH,57051
Selangor,P.107 Sungai Buloh,N.38 Paya Jaras,1,AB HALIM BIN TAMURI,DATO' DR HALIM TAMURI,PERIKATAN NASIONAL ,PN,27527
Selangor,P.107 Sungai Buloh,N.38 Paya Jaras,2,MOHD KHAIRUDDIN BIN OTHMAN,KHAIRUDDIN OTHMAN,PAKATAN HARAPAN,PH,25541
Selangor,P.107 Sungai Buloh,N.38 Paya Jaras,3,NURHASLINDA BINTI BASRI,SIFU LINDA,BEBAS,BEBAS,245
Selangor,P.107 Sungai Buloh,N.39 Kota Damansara,1,MUHAMMAD IZUAN BIN AHMAD KASIM,IZUAN KASIM,PAKATAN HARAPAN,PH,34628
Selangor,P.107 Sungai Buloh,N.39 Kota Damansara,2,MOHD RADZLAN BIN JALALUDIN,RADZLAN JALALUDIN,PERIKATAN NASIONAL ,PN,28934
Selangor,P.107 Sungai Buloh,N.39 Kota Damansara,3,SIVARAJAN A/L ARUMUGAM,SIVARAJAN,PARTI SOSIALIS MALAYSIA (BARU),PSM,895
Selangor,P.108 Shah Alam,N.40 Kota Anggerik,1,MOHAMED SUKRI BIN OMAR,SUKRI OMAR,PERIKATAN NASIONAL ,PN,27636
Selangor,P.108 Shah Alam,N.40 Kota Anggerik,2,MOHD NAJWAN BIN HALIMI,NAJWAN HALIMI,PAKATAN HARAPAN,PH,38470
Selangor,P.108 Shah Alam,N.40 Kota Anggerik,3,AZAD BIN AKBAR KHAN,AZAD AKBAR,IKATAN DEMOKRATIK MALAYSIA,MUDA,2631
Selangor,P.108 Shah Alam,N.41 Batu Tiga,1,SAIYIDAH IZZATI NUR BT RAZAK MAIDEEN,CHEDA RAZAK,IKATAN DEMOKRATIK MALAYSIA,MUDA,1908
Selangor,P.108 Shah Alam,N.41 Batu Tiga,2,DANIAL AL-RASHID BIN HARON AMINAR RASHID,DANIAL AL-RASHID,PAKATAN HARAPAN,PH,29064
Selangor,P.108 Shah Alam,N.41 Batu Tiga,3,RINA BINTI MOHD HARUN,RINA HARUN,PERIKATAN NASIONAL ,PN,25682
Selangor,P.109 Kapar,N.42 Meru,1,HASNIZAM BIN ADHAM,HASNIZAM ADHAM,PERIKATAN NASIONAL ,PN,23558
Selangor,P.109 Kapar,N.42 Meru,2,SIVARANJANI A/P MANICKAM,SIVARANJANI,PARTI SOSIALIS MALAYSIA (BARU),PSM,899
Selangor,P.109 Kapar,N.42 Meru,3,MARIAM BINTI ABDUL RASHID,MARIAM ABDUL RASHID,PAKATAN HARAPAN,PH,26980
Selangor,P.109 Kapar,N.43 Sementa,1,ERNY AFRISHAH BINTI AZIZI,AFRISHAH AZIZI,PAKATAN HARAPAN,PH,22261
Selangor,P.109 Kapar,N.43 Sementa,2,NOOR NAJHAN BIN MOHAMAD SALLEH,USTAZ NAJHAN SALLEH,PERIKATAN NASIONAL ,PN,32300
Selangor,P.109 Kapar,N.44 Selat Klang,1,ABDUL RASHID BIN ASARI,DATUK ABDUL RASHID BIN ASARI,PERIKATAN NASIONAL ,PN,25143
Selangor,P.109 Kapar,N.44 Selat Klang,2,MOHD ROSLEE BIN ABD HAMID,DATUK HJ MOHD ROSLEE BIN ABD HAMID,BARISAN NASIONAL OF MALAYSIA,BN,16818
Selangor,P.109 Kapar,N.44 Selat Klang,3,MOHAMAD EZAM BIN MOHD NOR,DATUK EZAM MOHD NOR,PARTI RAKYAT MALAYSIA,PRM,742
Selangor,P.110 Klang,N.45 Bandar Baru Klang,1,QUAH PERNG FEI,DR. QUAH,PAKATAN HARAPAN,PH,53658
Selangor,P.110 Klang,N.45 Bandar Baru Klang,2,TAN SENG HUAT,TAN SENG HUAT,PERIKATAN NASIONAL ,PN,7986
Selangor,P.110 Klang,N.46 Pelabuhan Klang,1,WAN HASRINA BINTI WAN HASSAN,WAN HASRINA WAN HASSAN,PERIKATAN NASIONAL ,PN,16658
Selangor,P.110 Klang,N.46 Pelabuhan Klang,2,SYED AHMAD PUTRA BIN SYED ISA,SYED AHMAD PUTRA,PARTI RAKYAT MALAYSIA,PRM,269
Selangor,P.110 Klang,N.46 Pelabuhan Klang,3,AZMIZAM BIN ZAMAN HURI,AZMIZAM ZAMAN HURI,PAKATAN HARAPAN,PH,21889
Selangor,P.110 Klang,N.47 Pandamaran,1,LEONG TUCK CHEE,TONY LEONG TUCK CHEE,PAKATAN HARAPAN,PH,46999
Selangor,P.110 Klang,N.47 Pandamaran,2,GUNALAN A/L BALAKRISHNAN,B.GUNALAN,PERIKATAN NASIONAL ,PN,6701
Selangor,P.110 Klang,N.47 Pandamaran,3,TAN KANG YAP,TAN KANG YAP,PARTI RAKYAT MALAYSIA,PRM,479
Selangor,P.111 Kota Raja,N.48 Sentosa,1,GUNARAJAH A/L R GEORGE,GUNARAJ G,PAKATAN HARAPAN,PH,54601
Selangor,P.111 Kota Raja,N.48 Sentosa,2,PARAMESWARAN A/L GANASON,PARAMESWARAN A/L GANASON,PERIKATAN NASIONAL ,PN,8252
Selangor,P.111 Kota Raja,N.48 Sentosa,3,THANUSHA A/P RAMANIESWARAN,TEACHER THANUSHA,IKATAN DEMOKRATIK MALAYSIA,MUDA,2357
Selangor,P.111 Kota Raja,N.48 Sentosa,4,JEICHANDRAN A/L WADIVELU,JEICHANDRAN A/L WADIVELU,PARTI RAKYAT MALAYSIA,PRM,156
Selangor,P.111 Kota Raja,N.49 Sungai Kandis,1,MOHD ZAWAWI BIN AHMAD MUGHNI,USTAZ ZAWAWI MUGHNI,PAKATAN HARAPAN,PH,28759
Selangor,P.111 Kota Raja,N.49 Sungai Kandis,2,WAN DZAHANURIN BIN AHMAD,WAN DZAHANURIN AHMAD,PERIKATAN NASIONAL ,PN,28926
Selangor,P.111 Kota Raja,N.49 Sungai Kandis,3,AFRIENA SHAQIRA BINTI SARIFF,AFRIENA SHAQIRA,IKATAN DEMOKRATIK MALAYSIA,MUDA,1341
Selangor,P.111 Kota Raja,N.50 Kota Kemuning,1,PREAKAS A/L SAMPUNATHAN,PREAKAS SAMPUNATHAN,PAKATAN HARAPAN,PH,41254
Selangor,P.111 Kota Raja,N.50 Kota Kemuning,2,CHEW JYH GANG,JIMMY CHEW JYH GANG,PERIKATAN NASIONAL ,PN,16966
Selangor,P.111 Kota Raja,N.50 Kota Kemuning,3,K GUNASEKARAN A/L KUPPAN,CIKGU SEKAR,PARTI RAKYAT MALAYSIA,PRM,651
Selangor,P.112 Kuala Langat,N.51 Sijangkang,1,AHMAD YUNUS BIN HAIRI,DR AHMAD YUNUS,PERIKATAN NASIONAL ,PN,30422
Selangor,P.112 Kuala Langat,N.51 Sijangkang,2,MOHD AL-HAFIZI BIN ABU BAKAR,AL-HAFIZI,BARISAN NASIONAL OF MALAYSIA,BN,19114
Selangor,P.112 Kuala Langat,N.52 Banting,1,ANG WEI YANG,ANG WEI YANG,BEBAS,BEBAS,1439
Selangor,P.112 Kuala Langat,N.52 Banting,2,SARAVANAN A/L MUTTO KRISHNAN,SARAVANAN A/L MUTTO KRISHNAN,PERIKATAN NASIONAL ,PN,5121
Selangor,P.112 Kuala Langat,N.52 Banting,3,PAPPARAIDU A/L VERAMAN,PAPPARAIDU VERAMAN,PAKATAN HARAPAN,PH,27223
Selangor,P.112 Kuala Langat,N.53 Morib,1,ROSNIZAN BIN AHMAD,ROSNIZAN BIN AHMAD,PERIKATAN NASIONAL ,PN,18936
Selangor,P.112 Kuala Langat,N.53 Morib,2,HASNUL BIN BAHARUDDIN,HJ HASNUL BAHARUDDIN,PAKATAN HARAPAN,PH,15093
Selangor,P.113 Sepang,N.54 Tanjong Sepat,1,SABIRIN BIN MARSONO,SABIRIN BIN MARSONO,PERIKATAN NASIONAL ,PN,11336
Selangor,P.113 Sepang,N.54 Tanjong Sepat,2,BORHAN BIN AMAN SHAH,BORHAN BIN AMAN SHAH,PAKATAN HARAPAN,PH,13860
Selangor,P.113 Sepang,N.55 Dengkil,1,DARREN ONG CHUNG LEE,PROF DARREN ONG,PARTI SOSIALIS MALAYSIA (BARU),PSM,1782
Selangor,P.113 Sepang,N.55 Dengkil,2,NOORAZLI BIN SAID,NOORAZLI BIN SAID,BARISAN NASIONAL OF MALAYSIA,BN,33154
Selangor,P.113 Sepang,N.55 Dengkil,3,MOHD DAUD LEONG BIN ABDULLAH,MOHD DAUD LEONG,PARTI UTAMA RAKYAT,PUR,668
Selangor,P.113 Sepang,N.55 Dengkil,4,JAMIL BIN SALLEH,DATUK SERI JAMIL SALLEH,PERIKATAN NASIONAL ,PN,33561
Selangor,P.113 Sepang,N.56 Sungai Pelek,1,SUHAIMI BIN MOHD GHAZALI,DATO SUHAIMI GHAZALI,PERIKATAN NASIONAL ,PN,16526
Selangor,P.113 Sepang,N.56 Sungai Pelek,2,LWI KIAN KEONG,LWI KIAN KEONG,PAKATAN HARAPAN,PH,17984
Selangor,P.113 Sepang,N.56 Sungai Pelek,3,NAGESWARAN A/L RAVI,NAGESWARAN RAVI,BEBAS,BEBAS,230
Negeri Sembilan,P.126 Jelebu,N.01 Chennah,1,ROSMADI BIN ARIF,ROSMADI BIN ARIF,PERIKATAN NASIONAL ,PN,3688
Negeri Sembilan,P.126 Jelebu,N.01 Chennah,2,LOKE SIEW FOOK,LOKE SIEW FOOK,PAKATAN HARAPAN,PH,5888
Negeri Sembilan,P.126 Jelebu,N.02 Pertang,1,JALALUDDIN BIN ALIAS,JALALUDDIN BIN ALIAS,BARISAN NASIONAL OF MALAYSIA,BN,5634
Negeri Sembilan,P.126 Jelebu,N.02 Pertang,2,AMIRUDIN BIN HASSAN,CIKGU AMIR,PERIKATAN NASIONAL ,PN,2844
Negeri Sembilan,P.126 Jelebu,N.03 Sungai Lui,1,MOHD.RAZI BIN MOHD.ALI,MOHD. RAZI BIN MOHD. ALI,BARISAN NASIONAL OF MALAYSIA,BN,6939
Negeri Sembilan,P.126 Jelebu,N.03 Sungai Lui,2,MOHD NORDIN BIN HASIM,NORDIN HASIM,PERIKATAN NASIONAL ,PN,6404
Negeri Sembilan,P.126 Jelebu,N.04 Klawang,1,SAIFUL BAHRI BIN JAAMAN @ SHARMAN,ANGAH SAIFUL,BEBAS,BEBAS,364
Negeri Sembilan,P.126 Jelebu,N.04 Klawang,2,DANNI RAIS,DANNI RAIS,PERIKATAN NASIONAL ,PN,4021
Negeri Sembilan,P.126 Jelebu,N.04 Klawang,3,BAKRI BIN SAWIR,BAKRI SAWIR,PAKATAN HARAPAN,PH,4598
Negeri Sembilan,P.127 Jempol,N.05 Serting,1,MOHD FAIRUZ BIN MOHD ISA,USTAZ FAIRUZ,PERIKATAN NASIONAL ,PN,10312
Negeri Sembilan,P.127 Jempol,N.05 Serting,2,MUHAMAD ZAMRI BIN OMAR,MUHAMAD ZAMRI OMAR,BARISAN NASIONAL OF MALAYSIA,BN,9469
Negeri Sembilan,P.127 Jempol,N.06 Palong,1,NOOR AZUAN BIN PARMIN,NOOR AZUAN,PERIKATAN NASIONAL ,PN,7376
Negeri Sembilan,P.127 Jempol,N.06 Palong,2,MUSTAPHA BIN NAGOOR,MUSTAPHA BIN NAGOOR,BARISAN NASIONAL OF MALAYSIA,BN,7940
Negeri Sembilan,P.127 Jempol,N.07 Jeram Padang,1,MOHD ZAIDY BIN ABDUL KADIR,MOHD ZAIDY ABDUL KADIR,BARISAN NASIONAL OF MALAYSIA,BN,5462
Negeri Sembilan,P.127 Jempol,N.07 Jeram Padang,2,SURASH A/L SREENIVASAN,SURASH A/L SREENIVASAN,PERIKATAN NASIONAL ,PN,4769
Negeri Sembilan,P.127 Jempol,N.08 Bahau,1,KUMAR A/L S. PARAMASIVAM,P. M. KUMAR,PERIKATAN NASIONAL ,PN,3531
Negeri Sembilan,P.127 Jempol,N.08 Bahau,2,TEO KOK SEONG,TEO KOK SEONG,PAKATAN HARAPAN,PH,11939
Negeri Sembilan,P.128 Seremban,N.09 Lenggeng,1,ZUL AZKI BIN MAT SULOP,ZUL AZKI MAT SULOP,BEBAS,BEBAS,404
Negeri Sembilan,P.128 Seremban,N.09 Lenggeng,2,MOHD FADLI BIN CHE ME,HAJI FADLI CHE ME,PERIKATAN NASIONAL ,PN,9355
Negeri Sembilan,P.128 Seremban,N.09 Lenggeng,3,MOHD ASNA BIN AMIN,HJ ASNA,BARISAN NASIONAL OF MALAYSIA,BN,10040
Negeri Sembilan,P.128 Seremban,N.10 Nilai,1,GAN CHEE BIOW,GAN CHEE BIOW,PERIKATAN NASIONAL ,PN,8244
Negeri Sembilan,P.128 Seremban,N.10 Nilai,2,OMAR BIN MOHD ISA,OMAR BIN MOHD ISA,BEBAS,BEBAS,1430
Negeri Sembilan,P.128 Seremban,N.10 Nilai,3,YESSU A/L SAMUEL,YESSU,BEBAS,BEBAS,57
Negeri Sembilan,P.128 Seremban,N.10 Nilai,4,ARUL KUMAR A/L JAMBUNATHAN,J.ARUL KUMAR,PAKATAN HARAPAN,PH,19133
Negeri Sembilan,P.128 Seremban,N.11 Lobak,1,NG SOON LEAN,NG SOON LEAN,PERIKATAN NASIONAL ,PN,853
Negeri Sembilan,P.128 Seremban,N.11 Lobak,2,CHEW SEH YONG,CHEW SEH YONG,PAKATAN HARAPAN,PH,14357
Negeri Sembilan,P.128 Seremban,N.12 Temiang,1,NG CHIN TSAI,NG CHIN TSAI,PAKATAN HARAPAN,PH,5710
Negeri Sembilan,P.128 Seremban,N.12 Temiang,2,AHMAD QUSYAIRI BIN ABDULL RAHIM,QUSYAIRY AHMAD,IKATAN DEMOKRATIK MALAYSIA,MUDA,640
Negeri Sembilan,P.128 Seremban,N.12 Temiang,3,CHUA ENG PU,CHUA ENG PU,PERIKATAN NASIONAL ,PN,2642
Negeri Sembilan,P.128 Seremban,N.13 Sikamat,1,AHMAD RAIHAN BIN MUHAMAD HILAL,RAIHAN HILAL,PERIKATAN NASIONAL ,PN,10068
Negeri Sembilan,P.128 Seremban,N.13 Sikamat,2,AMINUDDIN BIN HARUN,AMINUDDIN HARUN,PAKATAN HARAPAN,PH,12730
Negeri Sembilan,P.128 Seremban,N.13 Sikamat,3,BUJANG BIN ABU,BUJANG BIN ABU,BEBAS,BEBAS,83
Negeri Sembilan,P.128 Seremban,N.13 Sikamat,4,MOHAMMED HAFIZ BIN BAHARUDIN,MOHAMMED HAFIZ (TOK MERAH),BEBAS,BEBAS,339
Negeri Sembilan,P.128 Seremban,N.14 Ampangan,1,TENGKU ZAMRAH BINTI TENGKU SULAIMAN,TENGKU ZAMRAH BINTI TENGKU SULAIMAN,PAKATAN HARAPAN,PH,6054
Negeri Sembilan,P.128 Seremban,N.14 Ampangan,2,MUHAMMAD GHAZALI BIN ZAINAL ABIDIN,MUHAMMAD GHAZALI BIN ZAINAL ABIDIN,PERIKATAN NASIONAL ,PN,5725
Negeri Sembilan,P.128 Seremban,N.14 Ampangan,3,MOHAMAD RAFIE BIN AB MALEK,DATO' DR MOHAMAD RAFIE BIN AB MALEK,BEBAS,BEBAS,3079
Negeri Sembilan,P.129 Kuala Pilah,N.15 Juasseh,1,EDDIN SYAZLEE BIN SHITH,EDDIN SYAZLEE BIN SHITH,PERIKATAN NASIONAL ,PN,4471
Negeri Sembilan,P.129 Kuala Pilah,N.15 Juasseh,2,BIBI SHARLIZA BINTI MOHD KHALID,PUAN SRI BIBI SHARLIZA,BARISAN NASIONAL OF MALAYSIA,BN,4549
Negeri Sembilan,P.129 Kuala Pilah,N.16 Seri Menanti,1,MUHAMMAD SUFIAN BIN MARADZI,USTAZ SUFIAN MARADZI,BARISAN NASIONAL OF MALAYSIA,BN,3711
Negeri Sembilan,P.129 Kuala Pilah,N.16 Seri Menanti,2,JAMALI BIN SALAM,JAMALI BIN SALAM,PERIKATAN NASIONAL ,PN,3341
Negeri Sembilan,P.129 Kuala Pilah,N.17 Senaling,1,ISMAIL BIN LASIM,ISMAIL LASIM,BARISAN NASIONAL OF MALAYSIA,BN,3724
Negeri Sembilan,P.129 Kuala Pilah,N.17 Senaling,2,AMRINA BINTI MOHD KHALID,AMRINA BINTI MOHD KHALID,PERIKATAN NASIONAL ,PN,3062
Negeri Sembilan,P.129 Kuala Pilah,N.18 Pilah,1,RAFIEI BIN MUSTAPHA,CIKGU RAFIEI,PERIKATAN NASIONAL ,PN,5143
Negeri Sembilan,P.129 Kuala Pilah,N.18 Pilah,2,NOORZUNITA BEGUM BINTI MOHD IBRAHIM,NOORZUNITA BEGUM MOHD IBRAHIM,PAKATAN HARAPAN,PH,6222
Negeri Sembilan,P.129 Kuala Pilah,N.19 Johol,1,SAIFUL YAZAN BIN SULAIMAN,HJ SAIFUL YAZAN SULAIMAN,BARISAN NASIONAL OF MALAYSIA,BN,5228
Negeri Sembilan,P.129 Kuala Pilah,N.19 Johol,2,KAMARUDIN BIN MD TAHIR,HJ KAMARUDIN TAHIR,PERIKATAN NASIONAL ,PN,3111
Negeri Sembilan,P.130 Rasah,N.20 Labu,1,MOHAMAD HANIFAH BIN ABU BAKER,ANIP ABU BAKER,PERIKATAN NASIONAL ,PN,11661
Negeri Sembilan,P.130 Rasah,N.20 Labu,2,ISMAIL BIN AHMAD,HJ ISMAIL BIN AHMAD,PAKATAN HARAPAN,PH,10021
Negeri Sembilan,P.130 Rasah,N.21 Bukit Kepayang,1,SUBRAMANIAM A/L PURUSHOTHAMA,SUBRAMANIAM A/L PURUSHOTHAMA,PERIKATAN NASIONAL ,PN,4942
Negeri Sembilan,P.130 Rasah,N.21 Bukit Kepayang,2,AHMAD ZAMALI BIN MOHAMAD,AHMAD ZAMALI MOHAMAD,BEBAS,BEBAS,921
Negeri Sembilan,P.130 Rasah,N.21 Bukit Kepayang,3,NICOLE TAN LEE KOON,NICOLE TAN LEE KOON,PAKATAN HARAPAN,PH,24626
Negeri Sembilan,P.130 Rasah,N.22 Rahang,1,SIAU MEOW KONG,SIAU MEOW KONG,PAKATAN HARAPAN,PH,9868
Negeri Sembilan,P.130 Rasah,N.22 Rahang,2,LEE BOON SHIAN,LEE BOON SHIAN,PERIKATAN NASIONAL ,PN,3436
Negeri Sembilan,P.130 Rasah,N.23 Mambau,1,YAP YEW WENG,YAP YEW WENG,PAKATAN HARAPAN,PH,17039
Negeri Sembilan,P.130 Rasah,N.23 Mambau,2,KUMARAVEL A/L RAMIAH,KUMARAVEL A/L RAMIAH,BEBAS,BEBAS,163
Negeri Sembilan,P.130 Rasah,N.23 Mambau,3,SATHES KUMAR A/L NILAMEHAM,SATHES KUMAR NILAMEHAM,PERIKATAN NASIONAL ,PN,2099
Negeri Sembilan,P.130 Rasah,N.24 Seremban Jaya,1,GUNASEKAREN A/L PALASAMY,P.GUNA,PAKATAN HARAPAN,PH,17080
Negeri Sembilan,P.130 Rasah,N.24 Seremban Jaya,2,LEE BAN FATT,GARY LEE,PERIKATAN NASIONAL ,PN,4377
Negeri Sembilan,P.131 Rembau,N.25 Paroi,1,MUHAMMAD SYAKIR FITRI BIN SADRI,SYAKIR FITRI,BEBAS,BEBAS,944
Negeri Sembilan,P.131 Rembau,N.25 Paroi,2,NORWANI BINTI AHMAT,NORWANI AHMAT,PAKATAN HARAPAN,PH,18301
Negeri Sembilan,P.131 Rembau,N.25 Paroi,3,KAMAROL RIDZUAN BIN MOHD ZAIN,HJ KAMAROL RIDZUAN,PERIKATAN NASIONAL ,PN,23840
Negeri Sembilan,P.131 Rembau,N.26 Chembong,1,BAKLY BIN BABA,BAKLY BIN BABA,PERIKATAN NASIONAL ,PN,6926
Negeri Sembilan,P.131 Rembau,N.26 Chembong,2,ZAIFULBAHRI BIN IDRIS,DATO' HAJI ZAIFULBAHRI BIN HAJI IDRIS,BARISAN NASIONAL OF MALAYSIA,BN,11261
Negeri Sembilan,P.131 Rembau,N.27 Rantau,1,ROZMAL BIN MALAKAN,ROZMAL BIN MALAKAN,PERIKATAN NASIONAL ,PN,6677
Negeri Sembilan,P.131 Rembau,N.27 Rantau,2,MOHAMAD BIN HAJI HASAN,TOK MAT,BARISAN NASIONAL OF MALAYSIA,BN,16957
Negeri Sembilan,P.131 Rembau,N.28 Kota,1,SUHAIMI BIN AINI,SUHAIMI BIN AINI,BARISAN NASIONAL OF MALAYSIA,BN,5869
Negeri Sembilan,P.131 Rembau,N.28 Kota,2,AHMAD SHUKRI BIN ABDUL SHUKOR,SHUKRI BIN SHUKOR,PERIKATAN NASIONAL ,PN,5734
Negeri Sembilan,P.132 Port Dickson,N.29 Chuah,1,TANG JAY SON,TANG JAY SON,PERIKATAN NASIONAL ,PN,1874
Negeri Sembilan,P.132 Port Dickson,N.29 Chuah,2,YEW BOON LYE,YEW BOON LYE,PAKATAN HARAPAN,PH,8172
Negeri Sembilan,P.132 Port Dickson,N.30 Lukut,1,RAGU A/L SUBRAMANIAM,S. RAGU,PERIKATAN NASIONAL ,PN,3561
Negeri Sembilan,P.132 Port Dickson,N.30 Lukut,2,CHOO KEN HWA,CHOO KEN HWA,PAKATAN HARAPAN,PH,13696
Negeri Sembilan,P.132 Port Dickson,N.31 Bagan Pinang,1,ABDUL FATAH BIN ZAKARIA,USTAZ FATAH,PERIKATAN NASIONAL ,PN,10921
Negeri Sembilan,P.132 Port Dickson,N.31 Bagan Pinang,2,MOHD NAJIB BIN MOHD ISA,NAJIB TAN SRI ISA,BARISAN NASIONAL OF MALAYSIA,BN,7495
Negeri Sembilan,P.132 Port Dickson,N.32 Linggi,1,MOHD FAIZAL BIN RAMLI,DATUK MOHD FAIZAL RAMLI,BARISAN NASIONAL OF MALAYSIA,BN,7832
Negeri Sembilan,P.132 Port Dickson,N.32 Linggi,2,ZAMRI BIN MD SAID,ZAMRI BIN MD SAID,PERIKATAN NASIONAL ,PN,6371
Negeri Sembilan,P.132 Port Dickson,N.33 Sri Tanjung,1,ZABIDI BIN ARIFFIN,ZABIDI BIN ARIFFIN,PERIKATAN NASIONAL ,PN,4243
Negeri Sembilan,P.132 Port Dickson,N.33 Sri Tanjung,2,RAJASEKARAN A/L GUNNASEKARAN,DR.RAJA,PAKATAN HARAPAN,PH,8239
Negeri Sembilan,P.133 Tampin,N.34 Gemas,1,RIDZUAN BIN AHMAD,HAJI RIDZUAN AHMAD,PERIKATAN NASIONAL ,PN,11653
Negeri Sembilan,P.133 Tampin,N.34 Gemas,2,ABD RAZAK BIN AB SAID,ABD RAZAK BIN AB SAID,BARISAN NASIONAL OF MALAYSIA,BN,8533
Negeri Sembilan,P.133 Tampin,N.35 Gemencheh,1,TENGKU ABDULLAH BIN TENGKU RAKMAN,USTAZ TENGKU,PERIKATAN NASIONAL ,PN,6471
Negeri Sembilan,P.133 Tampin,N.35 Gemencheh,2,SUHAIMIZAN BIN BIZAR,SUHAIMIZAN BIZAR (HAI),BARISAN NASIONAL OF MALAYSIA,BN,8905
Negeri Sembilan,P.133 Tampin,N.36 Repah,1,YONG LI YI,ELAINE YONG LI YI,PERIKATAN NASIONAL ,PN,5557
Negeri Sembilan,P.133 Tampin,N.36 Repah,2,VEERAPAN A/L SUPERAMANIAM,VEERAPAN A/L SUPERAMANIAM,PAKATAN HARAPAN,PH,11507
