state,dun,ballot_order,name,party,votes
Terengganu,N.01 Kuala Besut,1,Hj Azbi Salleh,PAS,7983
Terengganu,N.01 Kuala Besut,2,Tengku Zaihan Bin Che Ku Abd Rahman,BN,8126
Terengganu,N.01 Kuala Besut,3,Dr Che Ku,PKR,1095
Terengganu,N.02 Kota Putera,1,Tg Roslan Tg Othman,PKR,1504
Terengganu,N.02 Kota Putera,2,Haji Khuzaini,PAS,9704
Terengganu,N.02 Kota Putera,3,Mohd Mahdi Musa (Abe Adi),BN,8523
Terengganu,N.03 Jertih,1,Dato' Muhammad Pehimi Yusof,BN,9143
Terengganu,N.03 Jertih,2,Dato' Dr. Kamaruzaman Wan Su,PKR,1594
Terengganu,N.03 Jertih,3,Ustaz Wan Azhar,PAS,7762
Terengganu,N.04 Hulu Besut,1,Ismail Bin Abdul Kadir,PKR,860
Terengganu,N.04 Hulu Besut,2,Ustaz Mat Daik,PAS,6576
Terengganu,N.04 Hulu Besut,3,Haji Nawi Mohamad,BN,8045
Terengganu,N.05 Jabi,1,Mohd Iskandar Bin Jaafar,BN,8006
Terengganu,N.05 Jabi,2,Ustaz Aziz Abas,PKR,690
Terengganu,N.05 Jabi,3,Dr Azman Ibrahim,PAS,8061
Terengganu,N.06 Permaisuri,1,Datuk Halim,BN,10385
Terengganu,N.06 Permaisuri,2,Ustaz Zul Bhari A Rahman,PAS,8415
Terengganu,N.06 Permaisuri,3,Wan Mokhtar Wan Ibrahim,PKR,853
Terengganu,N.07 Langkap,1,Dato' Haji Sabri,BN,9007
Terengganu,N.07 Langkap,2,Mustaffa,PKR,583
Terengganu,N.07 Langkap,3,Azmi Maarof,PAS,5561
Terengganu,N.08 Batu Rakit,1,Bazlan Bin Abd Rahman,BN,10046
Terengganu,N.08 Batu Rakit,2,Amir Long,PKR,800
Terengganu,N.08 Batu Rakit,3,Ustaz Mohd Shafizi Ismail,PAS,9747
Terengganu,N.09 Tepuh,1,Ustaz Hishamuddin,PAS,10782
Terengganu,N.09 Tepuh,2,Wan Hafizie,PKR,1002
Terengganu,N.09 Tepuh,3,Basir Bin Ismail,BN,8065
Terengganu,N.10 Buluh Gading,1,Cikgu Che Mansor,BN,7013
Terengganu,N.10 Buluh Gading,2,Ir. Azik Bin Chik,PKR,894
Terengganu,N.10 Buluh Gading,3,Ustaz Ridzuan Hashim,PAS,11580
Terengganu,N.11 Seberang Takir,1,Cikgu Razif,BN,9340
Terengganu,N.11 Seberang Takir,2,Haji Mohd Fazil Wahab,PAS,7456
Terengganu,N.11 Seberang Takir,3,Lt. Kol (B) Ustaz Haji Abu Bakar Bin Abdullah,PKR,939
Terengganu,N.12 Bukit Tunggal,1,Cikgu Tuan Arif,BN,5964
Terengganu,N.12 Bukit Tunggal,2,Fatimah Lailati Omar,PKR,721
Terengganu,N.12 Bukit Tunggal,3,Dr Haji Alias Razak,PAS,8308
Terengganu,N.13 Wakaf Mempelam,1,Ustaz Wan Sukairi,PAS,14796
Terengganu,N.13 Wakaf Mempelam,2,Salleh Bin Othman,BN,7418
Terengganu,N.13 Wakaf Mempelam,3,Mohd Zubir Bin Mohamed,PKR,1589
Terengganu,N.14 Bandar,1,Azan Ismail,PKR,3996
Terengganu,N.14 Bandar,2,Ustaz Ahmad Shah,PAS,7133
Terengganu,N.14 Bandar,3,Toh Seng Cheng,BN,5042
Terengganu,N.15 Ladang,1,Datuk Mat,BN,7838
Terengganu,N.15 Ladang,2,Dato' Tengku Hassan,PAS,8201
Terengganu,N.15 Ladang,3,Dato' Hj Zulkifli Mohamad,PKR,2836
Terengganu,N.16 Batu Buruk,1,Ustaz Khalil,PAS,15184
Terengganu,N.16 Batu Buruk,2,Dato Raja Bahrin,PKR,2572
Terengganu,N.16 Batu Buruk,3,Zamri Bin Awang Hitam,BN,9896
Terengganu,N.17 Alur Limbat,1,Ahmad Sabri Bin Ali,PKR,1492
Terengganu,N.17 Alur Limbat,2,Ustaz Ariffin Deraman,PAS,13330
Terengganu,N.17 Alur Limbat,3,Dato' Haji Saiful Bahri Bin Dato' Baharuddin,BN,9136
Terengganu,N.18 Bukit Payung,1,Dalizan Aziz,PKR,1004
Terengganu,N.18 Bukit Payung,2,Ustaz Mohd Nor Hamzah,PAS,11672
Terengganu,N.18 Bukit Payung,3,To' Puan Hjh Zaitun Binti Mat Amin,BN,7184
Terengganu,N.19 Ru Rendang,1,Zarawi Bin Sulong,PKR,729
Terengganu,N.19 Ru Rendang,2,Dato' Haji Nik Dir Bin Nik Wan Ku,BN,7823
Terengganu,N.19 Ru Rendang,3,Dr Ahmad Samsuri Mokhtar,PAS,13851
Terengganu,N.20 Pengkalan Berangan,1,Aidi Bin Ahmad,PKR,1145
Terengganu,N.20 Pengkalan Berangan,2,Cikgu A. Latiff Awang,BN,11406
Terengganu,N.20 Pengkalan Berangan,3,Ustaz Sulaiman Sulong,PAS,11896
Terengganu,N.21 Telemung,1,Rozi Bin Mamat,BN,9407
Terengganu,N.21 Telemung,2,Ustaz Kamaruzaman Abdullah,PAS,5248
Terengganu,N.21 Telemung,3,Sharifah Norhayati Syed Omar,PKR,455
Terengganu,N.22 Manir,1,Hafizuddin Hussain,PKR,422
Terengganu,N.22 Manir,2,Ustaz Hilmi Bin Harun,PAS,8716
Terengganu,N.22 Manir,3,Yusof Bin Awang Hitam ( Pok Usop ),BN,5872
Terengganu,N.23 Kuala Berang,1,Mohd Nor Bin Othman,PKR,969
Terengganu,N.23 Kuala Berang,2,Dato' Hj. Tengku Putera Tg Awang,BN,6637
Terengganu,N.23 Kuala Berang,3,Dr. Mamad Puteh,PAS,7707
Terengganu,N.24 Ajil,1,Dr Ghazali Bin Taib,BN,8128
Terengganu,N.24 Ajil,2,Zamani Mamat,PKR,679
Terengganu,N.24 Ajil,3,Ustaz Maliaman Bin Kassim,PAS,8132
Terengganu,N.25 Bukit Besi,1,Haji Ghazali Sulaiman,PAS,5724
Terengganu,N.25 Bukit Besi,2,Roslee Daud,BN,5770
Terengganu,N.25 Bukit Besi,3,Mohamad Arif Bin Arifin,PKR,487
Terengganu,N.26 Rantau Abang,1,Haji Wan Zul,BN,7835
Terengganu,N.26 Rantau Abang,2,Cikgu Alias,PAS,12287
Terengganu,N.26 Rantau Abang,3,Hj.Fadly Art,PKR,939
Terengganu,N.27 Sura,1,Kak Nun,BN,5338
Terengganu,N.27 Sura,2,Cikgu Wan Hapandi,PAS,12500
Terengganu,N.27 Sura,3,Zulkifli Bin Ali,PKR,2386
Terengganu,N.28 Paka,1,Hasbie Muda,PKR,1866
Terengganu,N.28 Paka,2,Haji T Hamzah T Draman,BN,8448
Terengganu,N.28 Paka,3,Ustaz Saiful Bahri Mamat,PAS,11853
Terengganu,N.29 Kemasik,1,Ir Hj Rosli Bin Othman,BN,7481
Terengganu,N.29 Kemasik,2,Rizan Hj Ali,PKR,1557
Terengganu,N.29 Kemasik,3,Ir Saiful Azmi,PAS,9645
Terengganu,N.30 Kijal,1,Dato' Seri Wan Marzuki,PKR,1472
Terengganu,N.30 Kijal,2,Ustaz Hazri Jusoh,PAS,8280
Terengganu,N.30 Kijal,3,Dato' Seri Hj Ahmad Bin Said,BN,9545
Terengganu,N.31 Cukai,1,Hj Hanafiah Mat,PAS,12428
Terengganu,N.31 Cukai,2,Wan Anies Adnan,PKR,5104
Terengganu,N.31 Cukai,3,Dato' Hj Mohamed Bin Awang Tera,BN,7547
Terengganu,N.32 Air Putih,1,Hj Wan Abdul Hakim Bin Wan Mokhtar,BN,12239
Terengganu,N.32 Air Putih,2,Cikgu Razak Ibrahim,PAS,12985
Terengganu,N.32 Air Putih,3,Zukri Aksah,PKR,2195
Pulau Pinang,N.01 Penaga,1,Ustaz Yusni,PAS,8530
Pulau Pinang,N.01 Penaga,2,Mohd Zain Bin Ahmad,BN,7398
Pulau Pinang,N.02 Bertam,1,Khaliq Mehtab Bin Mohd Ishaq,PKR,6485
Pulau Pinang,N.02 Bertam,2,Mokhtar Bin Ramly,PAS,2986
Pulau Pinang,N.02 Bertam,3,Shariful Azhar Bin Othman,BN,6268
Pulau Pinang,N.03 Pinang Tunggal,1,Dato' Ir. Zakiyuddin,PKR,7754
Pulau Pinang,N.03 Pinang Tunggal,2,Bukhori Bin Ghazali,PAS,4622
Pulau Pinang,N.03 Pinang Tunggal,3,Dato' Roslan Bin Saidin,BN,7627
Pulau Pinang,N.04 Permatang Berangan,1,Nor Hafizah Binti Othman,BN,6870
Pulau Pinang,N.04 Permatang Berangan,2,Azman Shah Bin Othman,PRM,24
Pulau Pinang,N.04 Permatang Berangan,3,Pakcik Sobri,PAS,6224
Pulau Pinang,N.04 Permatang Berangan,4,Dato' Seri Mohd. Shariff Bin Omar,PKR,5021
Pulau Pinang,N.05 Sungai Dua,1,Cikgu Hadi,PAS,5380
Pulau Pinang,N.05 Sungai Dua,2,Muhamad Yusoff Mohd Noor,BN,7314
Pulau Pinang,N.05 Sungai Dua,3,Yusri Bin Isahak,PKR,5115
Pulau Pinang,N.06 Telok Ayer Tawar,1,Ustaz Hanif Haron,PAS,3900
Pulau Pinang,N.06 Telok Ayer Tawar,2,Mustafa Kamal,PKR,7072
Pulau Pinang,N.06 Telok Ayer Tawar,3,Lee Thian Hong,PRM,88
Pulau Pinang,N.06 Telok Ayer Tawar,4,Zamri Bin Che Ros,BN,4869
Pulau Pinang,N.07 Sungai Puyu,1,Tan Lay Hock,PRM,101
Pulau Pinang,N.07 Sungai Puyu,2,Neoh Bok Keng,MU,79
Pulau Pinang,N.07 Sungai Puyu,3,Lim Hai Song,BN,2136
Pulau Pinang,N.07 Sungai Puyu,4,Phee Boon Poh,PKR,21705
Pulau Pinang,N.07 Sungai Puyu,5,Ong Yin Yin,PFP,51
Pulau Pinang,N.08 Bagan Jermal,1,Teoh Chai Deng,PRM,74
Pulau Pinang,N.08 Bagan Jermal,2,Soon Lip Chee,PKR,18134
Pulau Pinang,N.08 Bagan Jermal,3,Hari Devyndran A/L Muniswaran,MU,106
Pulau Pinang,N.08 Bagan Jermal,4,Fabian George Albart,PFP,30
Pulau Pinang,N.08 Bagan Jermal,5,Ang Chor Keong,BN,2898
Pulau Pinang,N.09 Bagan Dalam,1,Teoh Uat Lye,MU,51
Pulau Pinang,N.09 Bagan Dalam,2,J. Dhinagaran,BN,3918
Pulau Pinang,N.09 Bagan Dalam,3,Satees A/L Muniandy,PKR,10701
Pulau Pinang,N.09 Bagan Dalam,4,Teoh Huck Ping,PRM,45
Pulau Pinang,N.09 Bagan Dalam,5,Jasper Ooi Zong Han,PFP,36
Pulau Pinang,N.10 Seberang Jaya,1,Abu Bakar Sidekh Bin Zainul Abidin,BN,8593
Pulau Pinang,N.10 Seberang Jaya,2,Hj Ahmad Rafaei Bin Dato Ir A Rashid,PAS,5540
Pulau Pinang,N.10 Seberang Jaya,3,Dr. Afif Bahardin,PKR,16014
Pulau Pinang,N.11 Permatang Pasir,1,Faiz Fadzil,PKR,9708
Pulau Pinang,N.11 Permatang Pasir,2,Ustaz Muhammad Fauzi Bin Yusoff,PAS,6727
Pulau Pinang,N.11 Permatang Pasir,3,Anuar Faisal Bin Yahaya,BN,4979
Pulau Pinang,N.12 Penanti,1,Suhaimi Bin Sabudin,BN,5277
Pulau Pinang,N.12 Penanti,2,Hjh Dr Norlela Ariffin,PKR,8221
Pulau Pinang,N.12 Penanti,3,Ustaz Muhammad Fawwaz Bin Mohamad Jan,PAS,4791
Pulau Pinang,N.13 Berapit,1,Heng Lee Lee,PKR,18378
Pulau Pinang,N.13 Berapit,2,Lee Poh Kong,PFP,105
Pulau Pinang,N.13 Berapit,3,Goh Swee Gim,BN,1397
Pulau Pinang,N.13 Berapit,4,Song Chee Meng,PRM,84
Pulau Pinang,N.14 Machang Bubuk,1,Lee Khai Loon,PKR,21819
Pulau Pinang,N.14 Machang Bubuk,2,Tang Ah Ba,PRM,53
Pulau Pinang,N.14 Machang Bubuk,3,Lim Jhun Hou,MU,28
Pulau Pinang,N.14 Machang Bubuk,4,Tan Teik Cheng,BN,4658
Pulau Pinang,N.14 Machang Bubuk,5,Md Jamil Abd Rahman,PAS,5072
Pulau Pinang,N.15 Padang Lalang,1,Chong Eng,PKR,20764
Pulau Pinang,N.15 Padang Lalang,2,Liew Ee Jin,PFP,101
Pulau Pinang,N.15 Padang Lalang,3,Kuan Hin Yeep,BN,2400
Pulau Pinang,N.15 Padang Lalang,4,Lai Yean Nee,PRM,154
Pulau Pinang,N.16 Perai,1,Ooi Khar Giap,PFP,104
Pulau Pinang,N.16 Perai,2,M. Suresh,BN,2194
Pulau Pinang,N.16 Perai,3,R.Kumary,BEBAS,23
Pulau Pinang,N.16 Perai,4,Asoghan A/L Govindaraju,PAP,33
Pulau Pinang,N.16 Perai,5,Samuganathan A/L Muniandy,PRM,37
Pulau Pinang,N.16 Perai,6,Prof. P.Ramasamy,PKR,11243
Pulau Pinang,N.17 Bukit Tengah,1,Gooi Hsiao-Leung,PKR,12535
Pulau Pinang,N.17 Bukit Tengah,2,Edward Joseph,PFP,27
Pulau Pinang,N.17 Bukit Tengah,3,Dr. Thor Teong Gee,BN,3977
Pulau Pinang,N.17 Bukit Tengah,4,Tang Hiang Lye,PRM,53
Pulau Pinang,N.17 Bukit Tengah,5,Norazman Bin Ishak,PAS,2355
Pulau Pinang,N.18 Bukit Tambun,1,Ong Seong Lu,PFP,54
Pulau Pinang,N.18 Bukit Tambun,2,Goh B. Koon,PRM,117
Pulau Pinang,N.18 Bukit Tambun,3,Hartini Tan,BN,3184
Pulau Pinang,N.18 Bukit Tambun,4,Goh Choon Aik,PKR,18064
Pulau Pinang,N.18 Bukit Tambun,5,Kumaravelu A/L Arumugam,PAS,735
Pulau Pinang,N.19 Jawi,1,Tan Beng Huat,PAP,309
Pulau Pinang,N.19 Jawi,2,Dr. Kiew Hen Chong,BN,4188
Pulau Pinang,N.19 Jawi,3,Daphne,PFP,73
Pulau Pinang,N.19 Jawi,4,H'Ng Mooi Lye,PKR,17559
Pulau Pinang,N.19 Jawi,5,Tan Chew Suan,PRM,51
Pulau Pinang,N.19 Jawi,6,Koay Xing Boon,MU,165
Pulau Pinang,N.20 Sungai Bakap,1,Tan Chow Kang,PRM,55
Pulau Pinang,N.20 Sungai Bakap,2,Ustaz Osman Bin Jaafar,PAS,4316
Pulau Pinang,N.20 Sungai Bakap,3,Dr Amar Pritpal Bin Abdullah,PKR,10386
Pulau Pinang,N.20 Sungai Bakap,4,Dato Mohamed Sani Bakar,BN,8038
Pulau Pinang,N.21 Sungai Acheh,1,Zulkifli Bin Ibrahim,PKR,7486
Pulau Pinang,N.21 Sungai Acheh,2,Dato Mahmud Zakaria,BN,7070
Pulau Pinang,N.21 Sungai Acheh,3,Nor Zamri Bin Latiff,PAS,2383
Pulau Pinang,N.22 Tanjong Bunga,1,Marvin Lee Zheng Yong,MU,74
Pulau Pinang,N.22 Tanjong Bunga,2,Chua Cheong Wee,PRM,122
Pulau Pinang,N.22 Tanjong Bunga,3,Zairil Khir Johari,PKR,13245
Pulau Pinang,N.22 Tanjong Bunga,4,Teng Chang Yeow,BN,3902
Pulau Pinang,N.23 Air Putih,1,Lim Guan Eng,PKR,9362
Pulau Pinang,N.23 Air Putih,2,Tang Heap Seng,BN,1404
Pulau Pinang,N.23 Air Putih,3,Tan Gin Theam,MU,87
Pulau Pinang,N.23 Air Putih,4,Manikandan A/L Ramayah,PCM,83
Pulau Pinang,N.24 Kebun Bunga,1,Ooi Zhi Yi,BN,2254
Pulau Pinang,N.24 Kebun Bunga,2,Wu Kai Min,MU,110
Pulau Pinang,N.24 Kebun Bunga,3,Jason Ong Khan Lee,PKR,14851
Pulau Pinang,N.25 Pulau Tikus,1,Jason Loo Jieh Sheng,BN,2434
Pulau Pinang,N.25 Pulau Tikus,2,Wee Kean Wai,MU,75
Pulau Pinang,N.25 Pulau Tikus,3,Lee Chun Kit,PKR,11679
Pulau Pinang,N.26 Padang Kota,1,H'Ng Khoon Leng,BN,1470
Pulau Pinang,N.26 Padang Kota,2,Goh Saik Wei,MU,71
Pulau Pinang,N.26 Padang Kota,3,Chow Kon Yeow,PKR,9278
Pulau Pinang,N.27 Pengkalan Kota,1,Lim Swee Bok,BN,1647
Pulau Pinang,N.27 Pengkalan Kota,2,Chew Seng Tung,PRM,68
Pulau Pinang,N.27 Pengkalan Kota,3,Gooi Zi Sen,PKR,15037
Pulau Pinang,N.27 Pengkalan Kota,4,Ragindran A/L Sivasamy,BEBAS,87
Pulau Pinang,N.27 Pengkalan Kota,5,Koay Teng Lye,MU,82
Pulau Pinang,N.28 Komtar,1,Ong Chun Jiet,MU,85
Pulau Pinang,N.28 Komtar,2,Teh Lai Heng,PKR,10113
Pulau Pinang,N.28 Komtar,3,Tan Hing Teik,BN,1750
Pulau Pinang,N.29 Datok Keramat,1,Jagdeep Singh Deo A/L Karpal Singh,PKR,13712
Pulau Pinang,N.29 Datok Keramat,2,Lee Boon Ten,BN,4151
Pulau Pinang,N.29 Datok Keramat,3,Lim Boo Chang,MU,194
Pulau Pinang,N.29 Datok Keramat,4,Nicholas Diane,PFP,18
Pulau Pinang,N.29 Datok Keramat,5,Muhammad Majnun Bin Abdul Wahab,BEBAS,146
Pulau Pinang,N.30 Sungai Pinang,1,Yacoob Bin Omar,PAS,1575
Pulau Pinang,N.30 Sungai Pinang,2,Lim Siew Khim,PKR,15362
Pulau Pinang,N.30 Sungai Pinang,3,Ng Fook On,BN,4974
Pulau Pinang,N.30 Sungai Pinang,4,Tan Sim Bee,MU,79
Pulau Pinang,N.30 Sungai Pinang,5,Yacoob,BEBAS,119
Pulau Pinang,N.30 Sungai Pinang,6,Teh Yee Cheu,PSM,223
Pulau Pinang,N.31 Batu Lancang,1,Ong Ah Teong,PKR,20615
Pulau Pinang,N.31 Batu Lancang,2,Koo Pei Chee,BN,2407
Pulau Pinang,N.31 Batu Lancang,3,Kee Lean Ee,MU,139
Pulau Pinang,N.32 Seri Delima,1,Khoo Kay Teong,BN,3342
Pulau Pinang,N.32 Seri Delima,2,Tan Yang Yung,MU,159
Pulau Pinang,N.32 Seri Delima,3,Syerleena Abdul Rashid,PKR,16553
Pulau Pinang,N.33 Air Itam,1,Tan Kah Leong,BN,3047
Pulau Pinang,N.33 Air Itam,2,Kang Teik Woi,MU,148
Pulau Pinang,N.33 Air Itam,3,Joseph Ng Soon Siang,PKR,12588
Pulau Pinang,N.34 Paya Terubong,1,Wong Chin Chong,BN,4126
Pulau Pinang,N.34 Paya Terubong,2,Kuan Aun Wan,MU,421
Pulau Pinang,N.34 Paya Terubong,3,Yeoh Soon Hin,PKR,35315
Pulau Pinang,N.35 Batu Uban,1,Hng Chee Wey,BN,3806
Pulau Pinang,N.35 Batu Uban,2,Vikneswaran A/L Muniandy,PAS,1176
Pulau Pinang,N.35 Batu Uban,3,A. Kumaresan,PKR,21079
Pulau Pinang,N.35 Batu Uban,4,Teoh Kean Liang,PFP,32
Pulau Pinang,N.35 Batu Uban,5,Teoh Kok Siang,MU,116
Pulau Pinang,N.36 Pantai Jerejak,1,David Yim Boon Leong,MU,97
Pulau Pinang,N.36 Pantai Jerejak,2,Mohd Farhan Bin Yusri,PAS,1670
Pulau Pinang,N.36 Pantai Jerejak,3,Oh Tong Keong,BN,3298
Pulau Pinang,N.36 Pantai Jerejak,4,Dato Saifuddin Nasution,PKR,14014
Pulau Pinang,N.37 Batu Maung,1,Dato' Hj Abdul Halim Hussain,PKR,17380
Pulau Pinang,N.37 Batu Maung,2,Saiful Lizan Bin Md Yusoff,PAS,3153
Pulau Pinang,N.37 Batu Maung,3,Liakat Ali Bin Mohamed Ali,BN,9063
Pulau Pinang,N.38 Bayan Lepas,1,Azrul Mahathir Bin Aziz,PKR,12504
Pulau Pinang,N.38 Bayan Lepas,2,Zarina Shinta Madar,PAS,2497
Pulau Pinang,N.38 Bayan Lepas,3,Cikgu Rusli Hashim,BN,7259
Pulau Pinang,N.39 Pulau Betong,1,Cikgu Mohd Taufik,PAS,1645
Pulau Pinang,N.39 Pulau Betong,2,Yeoh Cheng Huat,PRM,64
Pulau Pinang,N.39 Pulau Betong,3,Haji Tuah Ismail,PKR,7675
Pulau Pinang,N.39 Pulau Betong,4,Datuk Sr Dr Muhamad Farid Bin Saad,BN,6079
Pulau Pinang,N.40 Telok Bahang,1,Zolkifly B. Md Lazim,PKR,5482
Pulau Pinang,N.40 Telok Bahang,2,Mohd Ali Bin Othman,PAS,1469
Pulau Pinang,N.40 Telok Bahang,3,Shah Headan Ayoob Hussain Shah,BN,5057
Kedah,N.01 Ayer Hangat,1,Azlina Binti Azinan,PAS,4034
Kedah,N.01 Ayer Hangat,2,Mohd Rawi Bin Abd Hamid,BN,6018
Kedah,N.01 Ayer Hangat,3,Juhari Bin Bulat,PKR,7550
Kedah,N.02 Kuah,1,Nor Saidi Bin Nanyan,BN,5824
Kedah,N.02 Kuah,2,Mazlan Bin Ahmad,PAS,2685
Kedah,N.02 Kuah,3,Mohamad Ratu B. Mansor.,BEBAS,86
Kedah,N.02 Kuah,4,Mohd Firdaus Bin Ahmad,PKR,8276
Kedah,N.03 Kota Siputeh,1,Ustaz Mohd Rejab Md Akhir,PAS,5798
Kedah,N.03 Kota Siputeh,2,Ahmad Azhar Bin Abdullah,BN,5795
Kedah,N.03 Kota Siputeh,3,Dr Salmee Said,PKR,7265
Kedah,N.04 Ayer Hitam,1,Cikgu Azhar,PAS,9229
Kedah,N.04 Ayer Hitam,2,Dato' Hj Abu Hasan Bin Sarif,BN,7220
Kedah,N.04 Ayer Hitam,3,Dato' Aziz Mohamod,PKR,8692
Kedah,N.05 Bukit Kayu Hitam,1,Habshah Binti Bakar,PAS,6528
Kedah,N.05 Bukit Kayu Hitam,2,Hajah Halimaton Shaadiah Binti Saad,PKR,11027
Kedah,N.05 Bukit Kayu Hitam,3,Dato' Haji Ahmad Zaini Japar,BN,8874
Kedah,N.06 Jitra,1,Zulhazmi Bin Osman,PAS,7064
Kedah,N.06 Jitra,2,Dato' Seri Hj Mukhriz Tun Mahathir,PKR,18852
Kedah,N.06 Jitra,3,Dato' Aminuddin Bin Omar (Pak Tam),BN,8003
Kedah,N.07 Kuala Nerang,1,Hj. Munir Bin Hj. Zakaria,PAS,9118
Kedah,N.07 Kuala Nerang,2,Pak Tuan Syed Fadzil,PKR,3376
Kedah,N.07 Kuala Nerang,3,Dato' Hj Badrol Hisham Bin Hashim,BN,7499
Kedah,N.08 Pedu,1,Hj Mohd Radzi Bin Md Amin,PAS,8164
Kedah,N.08 Pedu,2,Hashim Bin Idris,PKR,3272
Kedah,N.08 Pedu,3,Kama Noriah Binti Ibrahim,BN,7494
Kedah,N.09 Bukit Lada,1,Mohd Aizad Bin Roslan,PRM,6337
Kedah,N.09 Bukit Lada,2,Dato' Ariffin Bin Man,BN,8288
Kedah,N.09 Bukit Lada,3,Dato' Hj. Mohd. Ismail Bin Hj. Othman.,BEBAS,444
Kedah,N.09 Bukit Lada,4,Ustaz Salim Mahmood Al-Hafiz,PAS,9573
Kedah,N.10 Bukit Pinang,1,Dr. Mohammad Nawar Bin Ariffin,BN,6289
Kedah,N.10 Bukit Pinang,2,Dzaher Ahmad,PKR,7220
Kedah,N.10 Bukit Pinang,3,Wan Romani Wan Salim,PAS,10432
Kedah,N.11 Derga,1,Dr. Cheah Soon Hai,BN,4916
Kedah,N.11 Derga,2,Tuan Haji Yahya Saad,PAS,5967
Kedah,N.11 Derga,3,Tan Kok Yew,PKR,11232
Kedah,N.12 Suka Menanti,1,Mohd Sabri Bin Omar,PAS,4580
Kedah,N.12 Suka Menanti,2,Ahmad Bashah Bin Md Hanipah,BN,7050
Kedah,N.12 Suka Menanti,3,Zamri Yusuf,PKR,13301
Kedah,N.13 Kota Darul Aman,1,Haji Zulkifli Bin Che Haron,PAS,1732
Kedah,N.13 Kota Darul Aman,2,Tan Eng Hwa,BN,3269
Kedah,N.13 Kota Darul Aman,3,Teh Swee Leong,PKR,11737
Kedah,N.13 Kota Darul Aman,4,Tan Kang Yap,PRM,32
Kedah,N.14 Alor Mengkudu,1,Ustaz Ahmad Yahaya,PAS,6964
Kedah,N.14 Alor Mengkudu,2,Abdul Malik Bin Saad,BN,6434
Kedah,N.14 Alor Mengkudu,3,Dato' Hj Phahrolrazi Zawawi,PKR,8840
Kedah,N.15 Anak Bukit,1,Hamdi Haji Ishak,PAS,8231
Kedah,N.15 Anak Bukit,2,Johari Bin Aziz,BN,5200
Kedah,N.15 Anak Bukit,3,Dato' Amiruddin Hamzah,PKR,9810
Kedah,N.16 Kubang Rotan,1,Ustaz Omar Bin Saad,PAS,7303
Kedah,N.16 Kubang Rotan,2,Abdul Muthalib Bin Harun,BN,7469
Kedah,N.16 Kubang Rotan,3,Asmirul Anuar B. Aris,PKR,14004
Kedah,N.17 Pengkalan Kundor,1,Ustaz Dr. Ahmad Fakhruddin Bin Fakhrurazi,PAS,9088
Kedah,N.17 Pengkalan Kundor,2,Abdul Halim Bin Said,BN,6524
Kedah,N.17 Pengkalan Kundor,3,Dato' Dr. Ismail Salleh,PKR,11578
Kedah,N.18 Tokai,1,Ust Firdaus Jaafar,PKR,6632
Kedah,N.18 Tokai,2,Ahmad Fatahi Bin Omar,BN,7892
Kedah,N.18 Tokai,3,Dato' Dr Mohd Hayati,PAS,15941
Kedah,N.19 Sungai Tiang,1,Razak Khamis,PKR,8028
Kedah,N.19 Sungai Tiang,2,Ustaz Saiful Syazwan,PAS,11572
Kedah,N.19 Sungai Tiang,3,Suraya Binti Yaacob,BN,12213
Kedah,N.20 Sungai Limau,1,Ustaz Mohd Azam Bin Abd Samat,PAS,13048
Kedah,N.20 Sungai Limau,2,Zahran Dato' Abdullah (Lah Pak),PKR,4493
Kedah,N.20 Sungai Limau,3,Dato' Norma Binti Awang,BN,7075
Kedah,N.21 Guar Chempedak,1,Mohd Saffuan Bin Sabari,PKR,5686
Kedah,N.21 Guar Chempedak,2,Musoddak Hj Ahmad,PAS,6259
Kedah,N.21 Guar Chempedak,3,Dato' Wira Dr Ku Abd Rahman Bin Ku Ismail,BN,6518
Kedah,N.22 Gurun,1,Dato' Johari Abdul,PKR,10732
Kedah,N.22 Gurun,2,Muzaini Bin Azizan,PAS,5257
Kedah,N.22 Gurun,3,Dato' Boey Chin Gan,BN,6525
Kedah,N.22 Gurun,4,Palaniappan A/L Marimuthu,BEBAS,167
Kedah,N.23 Belantek,1,Mohd Tajudin Bin Abdullah,BN,7026
Kedah,N.23 Belantek,2,Cikgu Rashid,PKR,2376
Kedah,N.23 Belantek,3,Ustaz Mohd Isa B. Shafie,PAS,9600
Kedah,N.24 Jeneri,1,Mahadzir Bin Abdul Hamid,BN,8171
Kedah,N.24 Jeneri,2,Mohd. Nazri Bin Abu Hassan,PKR,4146
Kedah,N.24 Jeneri,3,Muhammad Sanusi Md Nor,PAS,10626
Kedah,N.25 Bukit Selambau,1,Dato' Jaspal Singh,BN,9449
Kedah,N.25 Bukit Selambau,2,Summugam A/L Rengasamy,PKR,17573
Kedah,N.25 Bukit Selambau,3,Dr. Mohd Ali Bin Sulaiman,PAS,11938
Kedah,N.26 Tanjong Dawai,1,Mejar Anuar Bin Abdul Hamid (B),PKR,10492
Kedah,N.26 Tanjong Dawai,2,Tuan Haji Annuar Bin Ahmad,BN,10421
Kedah,N.26 Tanjong Dawai,3,Ustaz Hanif Bin Ghazali,PAS,11444
Kedah,N.27 Pantai Merdeka,1,Ustaz Rosli Yusof,PKR,7281
Kedah,N.27 Pantai Merdeka,2,Ustaz Fadzli Hashim,PAS,14133
Kedah,N.27 Pantai Merdeka,3,Dato Ali Bin Yahaya,BN,9567
Kedah,N.28 Bakar Arang,1,Ustaz Othman Che Mee,PAS,7607
Kedah,N.28 Bakar Arang,2,Simon Ooi,PKR,18440
Kedah,N.28 Bakar Arang,3,Tan Kee Chye,PRM,58
Kedah,N.28 Bakar Arang,4,Tan Hock Huat,BEBAS,29
Kedah,N.28 Bakar Arang,5,Ko Hung Weng,BN,5547
Kedah,N.29 Sidam,1,Dr Robert Ling,PKR,17344
Kedah,N.29 Sidam,2,Cik Gu Hashim,PRM,80
Kedah,N.29 Sidam,3,Tan Kok Seong,BN,5951
Kedah,N.29 Sidam,4,Nur Hidayah Foo,PAS,6484
Kedah,N.30 Bayu,1,Cikgu Abd Nasir,PAS,14339
Kedah,N.30 Bayu,2,Abd Rahim Kechik,PKR,5059
Kedah,N.30 Bayu,3,Mohd Noor Bin Mohd Amin (Haji Noq),BN,13415
Kedah,N.31 Kupang,1,Dato' Us Najmi Hj Ahmad,PAS,13290
Kedah,N.31 Kupang,2,Cikgu Johari,PKR,4168
Kedah,N.31 Kupang,3,Dato' Harun Aziz,BN,11663
Kedah,N.32 Kuala Ketil,1,Mejar (B) Mansor,PAS,12574
Kedah,N.32 Kuala Ketil,2,Mohamad Sofee Razak,PKR,4952
Kedah,N.32 Kuala Ketil,3,Dato Khairul,BN,10993
Kedah,N.33 Merbau Pulas,1,Asmadi Abu Talib,BN,9454
Kedah,N.33 Merbau Pulas,2,Dato' Ustazah Siti Ashah Binti Ghazali,PAS,9892
Kedah,N.33 Merbau Pulas,3,Cikgu Razak,PKR,9267
Kedah,N.34 Lunas,1,Cikgu Azman,PKR,23904
Kedah,N.34 Lunas,2,Haji Ahmad Taufiq,PAS,10091
Kedah,N.34 Lunas,3,M. Thuraisingam,BN,7489
Kedah,N.35 Kulim,1,Yeo Keng Chuan,PKR,13070
Kedah,N.35 Kulim,2,Chua Thiong Gee,BN,9275
Kedah,N.35 Kulim,3,Mohd Khairi Salleh,PAS,9080
Kedah,N.35 Kulim,4,Lee Ah Leong,PRM,34
Kedah,N.36 Bandar Baharu,1,Ustaz Rohaizat Jaafar,PAS,7506
Kedah,N.36 Bandar Baharu,2,Dato' Norsabrina Binti Mohd Noor,BN,7884
Kedah,N.36 Bandar Baharu,3,Dato' Azimi Bin Daim,PKR,7507
Kelantan,N.01 Pengkalan Kubor,1,Ustaz Hj Razi,BN,8563
Kelantan,N.01 Pengkalan Kubor,2,Ustaz Lan,PAS,10142
Kelantan,N.01 Pengkalan Kubor,3,Dato' Rosdi,PKR,1583
Kelantan,N.02 Kelaboran,1,Kak Jah,PKR,1970
Kelantan,N.02 Kelaboran,2,Cikgu Hashim,BN,7493
Kelantan,N.02 Kelaboran,3,Cikgu Nan,PAS,12422
Kelantan,N.03 Pasir Pekan,1,Dato' Ust Mad,PAS,14298
Kelantan,N.03 Pasir Pekan,2,Wan Jo,PKR,2140
Kelantan,N.03 Pasir Pekan,3,Hj. Wan Sanusi,BN,5946
Kelantan,N.04 Wakaf Bharu,1,Abe K,PKR,1999
Kelantan,N.04 Wakaf Bharu,2,Haji Rusli Abdullah,PAS,10287
Kelantan,N.04 Wakaf Bharu,3,Datuk Rosdi,BN,9900
Kelantan,N.05 Kijang,1,Nik Azmi,PKR,1828
Kelantan,N.05 Kijang,2,Azuan,BN,5281
Kelantan,N.05 Kijang,3,Dr Izani,PAS,9998
Kelantan,N.06 Chempaka,1,Fareez,BN,7075
Kelantan,N.06 Chempaka,2,Ustaz Fathan,PAS,10549
Kelantan,N.06 Chempaka,3,Ustaz Nik Omar,PKR,2418
Kelantan,N.07 Panchor,1,Dato' Nik Amar,PAS,13597
Kelantan,N.07 Panchor,2,Zarina Eusope,BN,6309
Kelantan,N.07 Panchor,3,Hazmi Hassan,PKR,2394
Kelantan,N.08 Tanjong Mas,1,Madihah Binti Ab Aziz,BN,4945
Kelantan,N.08 Tanjong Mas,2,Dr Hafidzah,PKR,6139
Kelantan,N.08 Tanjong Mas,3,Kak Ani,PAS,13154
Kelantan,N.09 Kota Lama,1,Chua Hock Kuan,BN,5502
Kelantan,N.09 Kota Lama,2,Dato' Anuar Tan,PAS,8410
Kelantan,N.09 Kota Lama,3,Tan Sri Rashid,PKR,6965
Kelantan,N.09 Kota Lama,4,Khairul Nizam,PSM,54
Kelantan,N.09 Kota Lama,5,Izat Bukhary,BEBAS,29
Kelantan,N.10 Bunut Payong,1,Datuk Haji Mohamed Hasnan Bin Che Hussin,BN,6294
Kelantan,N.10 Bunut Payong,2,Sanusi Bin Hj Othman,PKR,4586
Kelantan,N.10 Bunut Payong,3,Dr.Ramli,PAS,10921
Kelantan,N.11 Tendong,1,Dato' Dr.Ibrahim B. Ali,BEBAS,1479
Kelantan,N.11 Tendong,2,Dr Wan Zul,PKR,1360
Kelantan,N.11 Tendong,3,Rozi Muhamad,PAS,8951
Kelantan,N.11 Tendong,4,Dato' Hj Pakya,BN,6700
Kelantan,N.12 Pengkalan Pasir,1,Che Johan Bin Che Pa,BN,5545
Kelantan,N.12 Pengkalan Pasir,2,Ust.Dr Sha'Rani,PKR,2570
Kelantan,N.12 Pengkalan Pasir,3,Ir.Suharto Bin Mat Nasir,BEBAS,826
Kelantan,N.12 Pengkalan Pasir,4,Dato' Hj.Hanifa Ahmad,PAS,10143
Kelantan,N.13 Meranti,1,Che Daud Bin Che Man,BEBAS,512
Kelantan,N.13 Meranti,2,Romizu,PKR,971
Kelantan,N.13 Meranti,3,Dato' Us Hj Nassuruddin Hj Daud,PAS,10318
Kelantan,N.13 Meranti,4,Anuar Husin (Jasa),BN,4218
Kelantan,N.14 Chetok,1,Tok Imam Li,PKR,1928
Kelantan,N.14 Chetok,2,Zakaria Bin Hasan,BEBAS,25
Kelantan,N.14 Chetok,3,Ustaz Afifi,BN,6044
Kelantan,N.14 Chetok,4,Haji Zuraidin Bin Abdullah,PAS,8701
Kelantan,N.15 Gual Periok,1,Cikgu Li,BN,6509
Kelantan,N.15 Gual Periok,2,Lawyer Wan,PKR,1570
Kelantan,N.15 Gual Periok,3,Ustaz Mat,PAS,8632
Kelantan,N.16 Apam Putra,1,Akbar,BN,6786
Kelantan,N.16 Apam Putra,2,Abd Rasul,PAS,7134
Kelantan,N.16 Apam Putra,3,Syam Ghaz,PKR,1082
Kelantan,N.17 Salor,1,Husam Musa,PKR,3617
Kelantan,N.17 Salor,2,Haji Saiful,PAS,11206
Kelantan,N.17 Salor,3,Datuk Noordin,BN,6540
Kelantan,N.18 Pasir Tumboh,1,Cikgu Noor Yazid,PKR,2759
Kelantan,N.18 Pasir Tumboh,2,Ustaz Abd Rahman,PAS,12470
Kelantan,N.18 Pasir Tumboh,3,Bakri Bin Yusoff,BN,5049
Kelantan,N.19 Demit,1,Kak Long Nurul Amal,BN,4553
Kelantan,N.19 Demit,2,Kak Taz,PAS,13621
Kelantan,N.19 Demit,3,Dr.Wan Ahmad Kamil,PKR,3601
Kelantan,N.20 Tawang,1,Ustaz Hassan,PAS,14991
Kelantan,N.20 Tawang,2,Datuk Mohd Radzuan Bin Abdullah,BN,10408
Kelantan,N.21 Pantai Irama,1,Haji Mie,PAS,12827
Kelantan,N.21 Pantai Irama,2,Dato' Dr. Ilias Bin Husain,BN,10348
Kelantan,N.21 Pantai Irama,3,Hj Ismail,PKR,1445
Kelantan,N.22 Jelawat,1,Pak Su Wan,BN,9968
Kelantan,N.22 Jelawat,2,Cikgu Azziz,PAS,12463
Kelantan,N.22 Jelawat,3,Mohd Fami Zakaria,PKR,1425
Kelantan,N.23 Melor,1,Hj Aziz,PKR,2122
Kelantan,N.23 Melor,2,Cikgu Haji Azmi,BN,7173
Kelantan,N.23 Melor,3,Dr. Yusnan,PAS,7820
Kelantan,N.24 Kadok,1,Ustaz Him,PKR,1246
Kelantan,N.24 Kadok,2,Hj Azami,PAS,7025
Kelantan,N.24 Kadok,3,Azam Ismail,BN,5161
Kelantan,N.25 Kok Lanas,1,Ustaz Nik,PAS,9799
Kelantan,N.25 Kok Lanas,2,Dr. Hanapi,PKR,1779
Kelantan,N.25 Kok Lanas,3,Datuk Alwi,BN,10921
Kelantan,N.26 Bukit Panau,1,Cikgu Dayang Saniah,BN,10215
Kelantan,N.26 Bukit Panau,2,Dato' Abdul Fattah,PAS,14506
Kelantan,N.26 Bukit Panau,3,Lawyer Hisham,PKR,2963
Kelantan,N.27 Gual Ipoh,1,Cikgu Bakri,BN,8509
Kelantan,N.27 Gual Ipoh,2,Cikgu Wan Yusoff,PAS,7094
Kelantan,N.27 Gual Ipoh,3,Abe Soba,PKR,499
Kelantan,N.28 Kemahang,1,Wan Rakemi,BN,6338
Kelantan,N.28 Kemahang,2,Mej (B) Dato Nizam,PAS,7261
Kelantan,N.28 Kemahang,3,Bahari Bin Mohamad Nor,PKR,737
Kelantan,N.29 Selising,1,Cikgu Ismail,PKR,808
Kelantan,N.29 Selising,2,Ustaz Tuan Saripudin,PAS,9640
Kelantan,N.29 Selising,3,Zul Ali,BN,6520
Kelantan,N.30 Limbongan,1,Ustaz Nazlan,PAS,10563
Kelantan,N.30 Limbongan,2,Cikgu Zarir,PKR,1921
Kelantan,N.30 Limbongan,3,Tok Imam Hanafiah,BN,7425
Kelantan,N.31 Semerak,1,Cikgu Awi,BN,7646
Kelantan,N.31 Semerak,2,Kapten Wan Marzudi,PKR,950
Kelantan,N.31 Semerak,3,Tok Wan Hassan,PAS,8278
Kelantan,N.32 Gaal,1,Ustaz Rodzi,PAS,7533
Kelantan,N.32 Gaal,2,Dato' Dr. Kaisan,BN,5956
Kelantan,N.32 Gaal,3,Abe Man Batu Hitam,PKR,897
Kelantan,N.33 Pulai Chondong,1,Ustaz Azhar,PAS,9140
Kelantan,N.33 Pulai Chondong,2,Cikgu Din,PKR,1328
Kelantan,N.33 Pulai Chondong,3,Hj Ahmad Tarmizi,BN,7021
Kelantan,N.34 Temangan,1,Dato' Dr. Fadzli Hassan,PAS,8711
Kelantan,N.34 Temangan,2,Redzuan,PKR,914
Kelantan,N.34 Temangan,3,Cikgu Adnan,BN,6814
Kelantan,N.35 Kemuning,1,Ustaz Li,PAS,9969
Kelantan,N.35 Kemuning,2,Cikgu Kadir,PKR,2163
Kelantan,N.35 Kemuning,3,Eriandi,BN,8934
Kelantan,N.36 Bukit Bunga,1,Dato' Adhan Kechik,BN,7068
Kelantan,N.36 Bukit Bunga,2,Haji Ramzi Bin Mohd Yusoff,PAS,5987
Kelantan,N.36 Bukit Bunga,3,Asran Bin Alias,PKR,659
Kelantan,N.37 Air Lanas,1,Dato' Ustaz Lah,PAS,6884
Kelantan,N.37 Air Lanas,2,Dr Aminuddin,PKR,608
Kelantan,N.37 Air Lanas,3,Dato' Pa,BN,7243
Kelantan,N.38 Kuala Balah,1,Hj. Pendi,PAS,4714
Kelantan,N.38 Kuala Balah,2,Datuk Aziz,BN,5592
Kelantan,N.39 Mengkebang,1,Cikgu Wan Azlan,PKR,829
Kelantan,N.39 Mengkebang,2,Tok Ime Mat Min,PAS,9295
Kelantan,N.39 Mengkebang,3,Ustaz Zaki,BN,5944
Kelantan,N.40 Guchil,1,Zuber Bin Hassan,BN,5285
Kelantan,N.40 Guchil,2,Cikgu Roslan,PKR,2362
Kelantan,N.40 Guchil,3,Aziz Ahmad,BEBAS,123
Kelantan,N.40 Guchil,4,Hilmi Abdullah,PAS,7564
Kelantan,N.41 Manek Urai,1,Deraman Bin Mamat,BEBAS,41
Kelantan,N.41 Manek Urai,2,Abe Uji,PAS,8683
Kelantan,N.41 Manek Urai,3,Che Ni Zuki,BN,4948
Kelantan,N.41 Manek Urai,4,Ustaz Mat Dahan,PKR,503
Kelantan,N.42 Dabong,1,Tok Ime Ku Zaki,PAS,4778
Kelantan,N.42 Dabong,2,Mat Awang,BN,4189
Kelantan,N.42 Dabong,3,Lawyer Wan,PKR,427
Kelantan,N.43 Nenggiri,1,Ab Aziz,BN,5506
Kelantan,N.43 Nenggiri,2,Tok Ngulu Pi,PAS,5045
Kelantan,N.43 Nenggiri,3,Abang Man,PKR,788
Kelantan,N.44 Paloh,1,Ustaz Man,PAS,5535
Kelantan,N.44 Paloh,2,Ummi Nor,PKR,417
Kelantan,N.44 Paloh,3,Hj. Amran Bin Arifin,BN,6974
Kelantan,N.45 Galas,1,Ustaz Mi,PAS,5543
Kelantan,N.45 Galas,2,Abe Din,BN,7281
Kelantan,N.45 Galas,3,Nasir,PKR,2973
Selangor,N.01 Sungai Air Tawar,1,Haji Zamri Bin Yahya,PAS,3997
Selangor,N.01 Sungai Air Tawar,2,Rizam,BN,5437
Selangor,N.01 Sungai Air Tawar,3,Mohd Hamizar Bin Sulaiman,PKR,3921
Selangor,N.02 Sabak,1,Sallehuddin,BN,6851
Selangor,N.02 Sabak,2,Ahmad Mustain Bin Othman,PKR,6981
Selangor,N.02 Sabak,3,Ustaz Haji Sallehen Bin Mukhyi,PAS,6183
Selangor,N.03 Sungai Panjang,1,Mohd Imran Bin Tamrin,BN,10530
Selangor,N.03 Sungai Panjang,2,Ustazah Mariam,PKR,8446
Selangor,N.03 Sungai Panjang,3,Ustaz Mohd Razali Bin Saari,PAS,6999
Selangor,N.04 Sekinchan,1,Ng Suee Lim,PKR,7863
Selangor,N.04 Sekinchan,2,Ustaz Haji Mohd Fadlin Bin Taslimin,PAS,2351
Selangor,N.04 Sekinchan,3,Lee Yee Yuan,BN,5019
Selangor,N.05 Hulu Bernam,1,Haji Amran Sakir,PKR,8144
Selangor,N.05 Hulu Bernam,2,Salleh Ri,PAS,2554
Selangor,N.05 Hulu Bernam,3,Datuk Rosni Binti Sohar,BN,8164
Selangor,N.06 Kuala Kubu Baharu,1,Wong Koon Mun,BN,6967
Selangor,N.06 Kuala Kubu Baharu,2,Lee Kee Hiong,PKR,14101
Selangor,N.06 Kuala Kubu Baharu,3,Naharudin Bin Abdul Rashid,PAS,3306
Selangor,N.07 Batang Kali,1,Datuk Hj Mat Nadzari Bin Ahmad Dahlan,BN,13221
Selangor,N.07 Batang Kali,2,Harumaini Bin Haji Omar,PKR,21536
Selangor,N.07 Batang Kali,3,Hj Md Hasnizan Harun,PAS,7408
Selangor,N.08 Sungai Burong,1,Dato' Hj. Mohd Shamsudin,BN,8741
Selangor,N.08 Sungai Burong,2,Ustaz Dr. Zamri Mantop,PAS,6411
Selangor,N.08 Sungai Burong,3,Mohd Tarmizi Bin Lazim,PKR,5323
Selangor,N.09 Permatang,1,Rozana Zainal Abidin,PKR,9208
Selangor,N.09 Permatang,2,Muhammad Jafarudin Bin Sheik Daud,PAS,2746
Selangor,N.09 Permatang,3,Datuk Sulaiman Razak,BN,8050
Selangor,N.10 Bukit Melawati,1,Jakiran Bin Jacomah,BN,8355
Selangor,N.10 Bukit Melawati,2,Cikgu Rashid,PAS,3261
Selangor,N.10 Bukit Melawati,3,Juwairiya Zulkifli,PKR,11050
Selangor,N.11 Ijok,1,Kumaran A/L Tamil Dassen,PRM,76
Selangor,N.11 Ijok,2,K.R. Parthiban,BN,6800
Selangor,N.11 Ijok,3,Idris Bin Ahmad,PKR,8914
Selangor,N.11 Ijok,4,Jefri Bin Mejan,PAS,3942
Selangor,N.12 Jeram,1,Mohd Shaid Bin Rosli,PKR,7087
Selangor,N.12 Jeram,2,Ustaz Mohd Noor,PAS,4326
Selangor,N.12 Jeram,3,Cikgu Zahar,BN,5896
Selangor,N.13 Kuang,1,Datuk Abdul Shukur Bin Idrus,BN,6985
Selangor,N.13 Kuang,2,Ustaz Mohd Fauzan Madzlan,PAS,5672
Selangor,N.13 Kuang,3,Salleh Amiruddin,PKR,9845
Selangor,N.13 Kuang,4,Mohd Rafie Bin Mohammad Arif,PRM,44
Selangor,N.14 Rawang,1,Kong Tuck Wah,PAS,2259
Selangor,N.14 Rawang,2,Sr. Azman Bin Mohd. Noor,BEBAS,644
Selangor,N.14 Rawang,3,Chua Wei Kiat,PKR,29946
Selangor,N.14 Rawang,4,Chan Wun Hoong,BN,6086
Selangor,N.15 Taman Templer,1,Zaidy Bin Abdul Talib,PAS,10459
Selangor,N.15 Taman Templer,2,Dato' Ir Hj Md Nasir Bin Ibrahim,BN,7580
Selangor,N.15 Taman Templer,3,Koh Swe Yong,PRM,82
Selangor,N.15 Taman Templer,4,Mohd Sany Hamzan,PKR,18362
Selangor,N.15 Taman Templer,5,Dr. Rajandran,PAP,108
Selangor,N.16 Sungai Tua,1,Badrul Acong,BEBAS,268
Selangor,N.16 Sungai Tua,2,Datuk N. Rawisandran,BN,6072
Selangor,N.16 Sungai Tua,3,Ustaz Mad China,PAS,4530
Selangor,N.16 Sungai Tua,4,Amirudin Shari,PKR,17446
Selangor,N.17 Gombak Setia,1,Megat Zulkarnain Bin Omardin,BN,11113
Selangor,N.17 Gombak Setia,2,Hilman Idham,PKR,24157
Selangor,N.17 Gombak Setia,3,Ustaz Hasbullah Ridzwan,PAS,11758
Selangor,N.18 Hulu Kelang,1,Ustaz Farhan @ Kamalulhysham,PAS,7573
Selangor,N.18 Hulu Kelang,2,Ismail Bin Ahmad,BN,10397
Selangor,N.18 Hulu Kelang,3,Saari Bin Sungib,PKR,25746
Selangor,N.19 Bukit Antarabangsa,1,Sharifah Haslizah Binti Syed Ariffin,PAS,2311
Selangor,N.19 Bukit Antarabangsa,2,Diva Aa,BEBAS,90
Selangor,N.19 Bukit Antarabangsa,3,Dato' Seri Azmin Ali,PKR,30892
Selangor,N.19 Bukit Antarabangsa,4,Salwa Hj. Yunus,BN,5380
Selangor,N.19 Bukit Antarabangsa,5,Ahmad Bin Kamarudin,PRM,116
Selangor,N.20 Lembah Jaya,1,Khasim Bin Abdul Aziz,PAS,7358
Selangor,N.20 Lembah Jaya,2,Haniza Talha,PKR,22512
Selangor,N.20 Lembah Jaya,3,Norizwan,PRM,177
Selangor,N.20 Lembah Jaya,4,Muhamad Nizam,BN,7722
Selangor,N.21 Pandan Indah,1,Izham Bin Hashim,PKR,24914
Selangor,N.21 Pandan Indah,2,Dato' Iskandar A. Samad,PAS,7517
Selangor,N.21 Pandan Indah,3,Datuk Haji Haniff Bin Koslan,BN,8528
Selangor,N.22 Teratai,1,Ben Liew Pok Boon,BN,4784
Selangor,N.22 Teratai,2,Jenice Lee Ying Ha,PRM,529
Selangor,N.22 Teratai,3,Irman Wahab,PAS,5028
Selangor,N.22 Teratai,4,Lai Wai Chong (Bryan),PKR,34453
Selangor,N.23 Dusun Tua,1,Haji Mohd Zin Bin Isa,BN,11903
Selangor,N.23 Dusun Tua,2,Edry Faizal,PKR,22325
Selangor,N.23 Dusun Tua,3,Razaly Bin Hassan,PAS,7771
Selangor,N.24 Semenyih,1,Datuk Haji Johan Bin Abd Aziz,BN,14464
Selangor,N.24 Semenyih,2,Haji Mad Shahmiour Mat Kosim,PAS,6966
Selangor,N.24 Semenyih,3,Arul,PSM,1293
Selangor,N.24 Semenyih,4,Bakhtiar Bin Mohd Nor,PKR,23428
Selangor,N.25 Kajang,1,Hee Loy Sian,PKR,39055
Selangor,N.25 Kajang,2,Dennis Wan,PRM,103
Selangor,N.25 Kajang,3,Teh Yeow Meng,BN,7097
Selangor,N.25 Kajang,4,Zaiton Binti Ahmad,PAS,8300
Selangor,N.26 Sungai Ramal,1,Hj. Mazwan Johar,PKR,24591
Selangor,N.26 Sungai Ramal,2,Abdul Rahim Bin Mohd Amin,BN,9372
Selangor,N.26 Sungai Ramal,3,Ustaz Nushi Dato Mahfodz,PAS,13961
Selangor,N.27 Balakong,1,Mohamad Ibrahim Ghazali,PAS,6230
Selangor,N.27 Balakong,2,Ng Tien Chee (Eddie),PKR,41768
Selangor,N.27 Balakong,3,Ir Lim Chin Wah,BN,5874
Selangor,N.28 Seri Kembangan,1,Ean Yong Hian Wah,PKR,34659
Selangor,N.28 Seri Kembangan,2,Chang Toong Woh,BN,3514
Selangor,N.29 Seri Serdang,1,Dr Mariah Mahmud,PKR,27088
Selangor,N.29 Seri Serdang,2,Hjh. Noor Hanim Ismail,PAS,5552
Selangor,N.29 Seri Serdang,3,Mohamad Satim Bin Diman,BN,12725
Selangor,N.30 Kinrara,1,Ng Sze Han,PKR,52207
Selangor,N.30 Kinrara,2,Chiew Kai Heng,BN,6995
Selangor,N.30 Kinrara,3,Dato Jonathan Lim Ying Ran,PAS,3732
Selangor,N.31 Subang Jaya,1,Michelle Ng Mei Sze,PKR,55354
Selangor,N.31 Subang Jaya,2,Toh Sin Wah,BEBAS,228
Selangor,N.31 Subang Jaya,3,Mejar (B) Chong Ah Watt,BN,7082
Selangor,N.32 Seri Setia,1,Mohd Ghazali Bin Daud,PAS,4563
Selangor,N.32 Seri Setia,2,Dr. S. Vignes,BEBAS,217
Selangor,N.32 Seri Setia,3,Datuk Haji Yusoff Hm Haniff,BN,9878
Selangor,N.32 Seri Setia,4,Dr. Shaharuddin B. Badaruddin,PKR,29250
Selangor,N.33 Taman Medan,1,Ariffin Bin Mahaiyuddin,PAS,5090
Selangor,N.33 Taman Medan,2,Ustaz Syamsul Firdaus,PKR,21712
Selangor,N.33 Taman Medan,3,Abdul Mutalif Bin Abdul Rahim,BN,10772
Selangor,N.34 Bukit Gasing,1,Rajiv Rishyakaran,PKR,29366
Selangor,N.34 Bukit Gasing,2,David Sew Kah Heng,PAS,890
Selangor,N.34 Bukit Gasing,3,Chai Ko Thing,BN,3531
Selangor,N.35 Kampung Tunku,1,Lim Yi Wei,PKR,34477
Selangor,N.35 Kampung Tunku,2,Tan Gim Tuan Gt,BN,4033
Selangor,N.36 Bandar Utama,1,Ch'Ng Soo Chau,BN,3882
Selangor,N.36 Bandar Utama,2,Jamaliah Binti Jamaluddin,PKR,38651
Selangor,N.36 Bandar Utama,3,Peter Chong,BEBAS,188
Selangor,N.37 Bukit Lanjan,1,Elizabeth Wong,PKR,47748
Selangor,N.37 Bukit Lanjan,2,Syed Abdul Razak,BN,7515
Selangor,N.38 Paya Jaras,1,Dato' Zein Isma,BN,8304
Selangor,N.38 Paya Jaras,2,Hanafi Bin Zulkapli,PAS,6042
Selangor,N.38 Paya Jaras,3,Mohd Khairuddin,PKR,20376
Selangor,N.39 Kota Damansara,1,Hajah Halimaton Saadiah,BN,10737
Selangor,N.39 Kota Damansara,2,Shatiri Mansor,PKR,26440
Selangor,N.39 Kota Damansara,3,Siti Rohaya Binti Ahad,PAS,5633
Selangor,N.39 Kota Damansara,4,A. Sivarajan,PSM,435
Selangor,N.40 Kota Anggerik,1,Jumaeah Binti Masdi,BN,8924
Selangor,N.40 Kota Anggerik,2,Najwan Halimi,PKR,26947
Selangor,N.40 Kota Anggerik,3,Ustaz Ahmad Dusuki,PAS,9943
Selangor,N.41 Batu Tiga,1,Rodziah Ismail,PKR,27638
Selangor,N.41 Batu Tiga,2,Haji Abdul Halim Bin Omar,PAS,7793
Selangor,N.41 Batu Tiga,3,Ahmad Mua'Adzam Shah Bin Ya'Akop,BN,12022
Selangor,N.42 Meru,1,Khairul Anuar Bin Saimun,BN,8057
Selangor,N.42 Meru,2,Manikavasagam,PRM,346
Selangor,N.42 Meru,3,Noor Najhan Bin Mohamad Salleh,PAS,7804
Selangor,N.42 Meru,4,Alex Shee Chee Weng,BEBAS,72
Selangor,N.42 Meru,5,Ustaz Fakhrulrazi Mokhtar,PKR,17665
Selangor,N.43 Sementa,1,Saroni Bin Judi,BN,12497
Selangor,N.43 Sementa,2,Dr Daroyah Binti Alwi,PKR,17867
Selangor,N.43 Sementa,3,Gandhi A/P Nagamuthu,PRM,120
Selangor,N.43 Sementa,4,Wan Hasrina Binti Wan Hassan,PAS,7696
Selangor,N.44 Selat Klang,1,Abdul Rashid Bin  Asari,PKR,12266
Selangor,N.44 Selat Klang,2,Mohd Khairi Bin Hussin,BN,9949
Selangor,N.44 Selat Klang,3,Jeichandran A/L Wadivelu,PRM,52
Selangor,N.44 Selat Klang,4,Dr Halimah Ali,PAS,11766
Selangor,N.44 Selat Klang,5,Zainal Azwar Bin Kamaruddin,BEBAS,49
Selangor,N.45 Bandar Baru Klang,1,Teoh Kah Yeong,BN,5098
Selangor,N.45 Bandar Baru Klang,2,Dato' Teng Chang Khim,PKR,44926
Selangor,N.46 Pelabuhan Klang,1,Dato Seikh Rajesh Bin Dato Sri Seikh Ahmad,BN,9415
Selangor,N.46 Pelabuhan Klang,2,Azmizam Zaman Huri,PKR,15837
Selangor,N.46 Pelabuhan Klang,3,Shan @ Shanmugam,PSM,128
Selangor,N.46 Pelabuhan Klang,4,Khalid Bin Nayan,PAS,2925
Selangor,N.47 Pandamaran,1,Santokh Singh,PAS,1459
Selangor,N.47 Pandamaran,2,Tony Leong Tuck Chee,PKR,41552
Selangor,N.47 Pandamaran,3,Tee Hooi Ling,BN,5689
Selangor,N.48 Sentosa,1,Gunaraj,PKR,38106
Selangor,N.48 Sentosa,2,Rajan Manikesavan,PAS,1722
Selangor,N.48 Sentosa,3,Dato' R.S.Maniam,BN,4506
Selangor,N.48 Sentosa,4,M . Thilai,PRM,79
Selangor,N.48 Sentosa,5,Ps Rajoo,BEBAS,95
Selangor,N.49 Sungai Kandis,1,Hanafiah Bin Husin,PRM,76
Selangor,N.49 Sungai Kandis,2,Kamaruzzaman Bin Johari,BN,11518
Selangor,N.49 Sungai Kandis,3,Shuhaimi Haji Shafiei,PKR,23998
Selangor,N.49 Sungai Kandis,4,Mohd Yusof,PAS,7573
Selangor,N.50 Kota Kemuning,1,Abdul Razak Ismail,PSM,226
Selangor,N.50 Kota Kemuning,2,Burhan Bin Adnan,PAS,6978
Selangor,N.50 Kota Kemuning,3,Ganabatirau Veraman,PKR,28617
Selangor,N.50 Kota Kemuning,4,Tiew Hock Huat,BN,4601
Selangor,N.50 Kota Kemuning,5,Rajasekaran,BEBAS,93
Selangor,N.51 Sijangkang,1,Mohd Hamidi Bin Abu Bakar,PKR,11011
Selangor,N.51 Sijangkang,2,Dato' Sulaiman Bin Mohd Karli,BN,10420
Selangor,N.51 Sijangkang,3,Dr Ahmad Yunus Bin Hairi,PAS,12688
Selangor,N.52 Banting,1,Ng Siok Hwa,BN,4547
Selangor,N.52 Banting,2,Lau Weng San,PKR,21846
Selangor,N.52 Banting,3,Philip Tan Choon Swee,PRM,311
Selangor,N.53 Morib,1,Dr Mohd Sallehuddin Hafiz,PAS,7329
Selangor,N.53 Morib,2,Hajjah Rozana,BN,8883
Selangor,N.53 Morib,3,Haji Hasnul Bin Baharuddin,PKR,11000
Selangor,N.54 Tanjong Sepat,1,Ir. Mohd Haslin Bin Hassan,PAS,4273
Selangor,N.54 Tanjong Sepat,2,Haji Borhan Bin Aman Shah,PKR,9828
Selangor,N.54 Tanjong Sepat,3,Dato Dr Karim Mansor,BN,7124
Selangor,N.55 Dengkil,1,Adhif Syan Bin Abdullah,PKR,21172
Selangor,N.55 Dengkil,2,Yusmi Haniff Bin Ariffin,PAS,8422
Selangor,N.55 Dengkil,3,Shahrum Bin Mohd Sharif,BN,14238
Selangor,N.56 Sungai Pelek,1,Dato' Ng Chok Sin,BN,6898
Selangor,N.56 Sungai Pelek,2,Harry Arul Raj A/L Krishnan,PAP,79
Selangor,N.56 Sungai Pelek,3,Ronnie Liu Tian Khiew,PKR,13484
Selangor,N.56 Sungai Pelek,4,Hjh Rohaya Binti Datuk Mohd Shahir,PAS,5200
Negeri Sembilan,N.01 Chennah,1,Seet Tee Gee,BN,3876
Negeri Sembilan,N.01 Chennah,2,Jamalus Bin Mansor,PAS,975
Negeri Sembilan,N.01 Chennah,3,Loke Siew Fook,PKR,5031
Negeri Sembilan,N.02 Pertang,1,Noor Azmi Bin Yusof,BN,4008
Negeri Sembilan,N.02 Pertang,2,Osman Dusa,PKR,3593
Negeri Sembilan,N.02 Pertang,3,Hamran Bin Abu Hasan,PAS,578
Negeri Sembilan,N.03 Sungai Lui,1,Abd Karim Shahimi Bin Abd Razak,PAS,1269
Negeri Sembilan,N.03 Sungai Lui,2,Mohd Razi Bin Mohd Ali,BN,7795
Negeri Sembilan,N.03 Sungai Lui,3,Zainal Fikri,PKR,3396
Negeri Sembilan,N.04 Klawang,1,Bakri Sawir,PKR,4296
Negeri Sembilan,N.04 Klawang,2,Mazly Bin Yasin,PAS,744
Negeri Sembilan,N.04 Klawang,3,Baharudin Bin Jali,BN,3320
Negeri Sembilan,N.05 Serting,1,Abd Rahman Ramli,PKR,6014
Negeri Sembilan,N.05 Serting,2,Dato' Hj Shamshulkahar Bin Hj Mohd Deli,BN,9782
Negeri Sembilan,N.05 Serting,3,Al Zukri,PAS,1837
Negeri Sembilan,N.06 Palong,1,Masdi Bin Musa,PAS,1571
Negeri Sembilan,N.06 Palong,2,Mustapha Bin Nagoor,BN,9575
Negeri Sembilan,N.06 Palong,3,Dato' Abdul Rahman Bin Jaafar,PKR,3329
Negeri Sembilan,N.07 Jeram Padang,1,Dato' Manickam Letchuman,BN,3702
Negeri Sembilan,N.07 Jeram Padang,2,Mohd Fairuz,PAS,785
Negeri Sembilan,N.07 Jeram Padang,3,S Musliadi Sabtu,PKR,2302
Negeri Sembilan,N.07 Jeram Padang,4,Surash A/L Sreenivasan,BEBAS,2640
Negeri Sembilan,N.08 Bahau,1,Cikgu Bakri,PAS,1512
Negeri Sembilan,N.08 Bahau,2,Teo Kok Seong,PKR,10094
Negeri Sembilan,N.08 Bahau,3,Chong Wan Yu,BN,3985
Negeri Sembilan,N.09 Lenggeng,1,Ustaz Suhaimi Kassim,PKR,7456
Negeri Sembilan,N.09 Lenggeng,2,Mohammad Ghazali Bin Abu Bakar,PAS,1612
Negeri Sembilan,N.09 Lenggeng,3,Mazalan Bin Maarop,BN,6470
Negeri Sembilan,N.10 Nilai,1,Leaw Kok Chan,BN,4394
Negeri Sembilan,N.10 Nilai,2,J. Arul Kumar,PKR,14219
Negeri Sembilan,N.10 Nilai,3,Mohd Abu Zarim Abdul Rahman,PAS,2151
Negeri Sembilan,N.11 Lobak,1,Lim Kok Kian,BN,1865
Negeri Sembilan,N.11 Lobak,2,Balamurugan A/L Sanmugam,PAP,92
Negeri Sembilan,N.11 Lobak,3,Chew Seh Yong,PKR,13647
Negeri Sembilan,N.12 Temiang,1,Ng Chin Tsai,PKR,5894
Negeri Sembilan,N.12 Temiang,2,Siow Koi Voon,BN,2831
Negeri Sembilan,N.12 Temiang,3,Yau Con Seng,PAS,369
Negeri Sembilan,N.13 Sikamat,1,Syamsul Debat,BN,6419
Negeri Sembilan,N.13 Sikamat,2,Aminuddin Harun,PKR,9832
Negeri Sembilan,N.13 Sikamat,3,Haji Rahim Bin Yusof,PAS,1331
Negeri Sembilan,N.13 Sikamat,4,Bujang Bin Abu,BEBAS,15
Negeri Sembilan,N.14 Ampangan,1,Mustaffa Bin Daharun,PAS,983
Negeri Sembilan,N.14 Ampangan,2,Hj. Abu Ubaidah,BN,5441
Negeri Sembilan,N.14 Ampangan,3,Dr.  Mohamad Rafie Bin Ab Malek,PKR,6801
Negeri Sembilan,N.15 Juasseh,1,Dato Hj Ismail Lasim,BN,4146
Negeri Sembilan,N.15 Juasseh,2,Rosli Bin Omar,PKR,3454
Negeri Sembilan,N.15 Juasseh,3,Hassan Bin Mohamed,PAS,624
Negeri Sembilan,N.16 Seri Menanti,1,Hj. Rafiei,PAS,535
Negeri Sembilan,N.16 Seri Menanti,2,Dato Abd Samad Bin Ibrahim,BN,3362
Negeri Sembilan,N.16 Seri Menanti,3,Jamali Bin Salam,PKR,2767
Negeri Sembilan,N.17 Senaling,1,Haji Rais Basiron,PKR,2484
Negeri Sembilan,N.17 Senaling,2,Dato Hj Adnan Bin Abu Hassan,BN,3456
Negeri Sembilan,N.17 Senaling,3,Fazilah Abu Samah,PAS,598
Negeri Sembilan,N.18 Pilah,1,Mohamad Nazaruddin Bin Sabtu,PKR,5643
Negeri Sembilan,N.18 Pilah,2,Dato Norhayati Binti Omar,BN,3837
Negeri Sembilan,N.18 Pilah,3,Haji Fadzil,PAS,1413
Negeri Sembilan,N.19 Johol,1,Hj Saiful Yazan Bin Sulaiman,BN,3907
Negeri Sembilan,N.19 Johol,2,Zulkefly Omar,PKR,2942
Negeri Sembilan,N.19 Johol,3,Haji Kamarudin Tahir,PAS,1069
Negeri Sembilan,N.20 Labu,1,Ustaz Khairil Anuar Wafa,PAS,2093
Negeri Sembilan,N.20 Labu,2,Ismail Bin Ahmad,PKR,6712
Negeri Sembilan,N.20 Labu,3,Hasim Bin Rusdi,BN,5830
Negeri Sembilan,N.20 Labu,4,David Dass Aseerpatham,PAP,46
Negeri Sembilan,N.21 Bukit Kepayang,1,Mak Kah Keong,BN,3744
Negeri Sembilan,N.21 Bukit Kepayang,2,Nicole Tan Lee Koon,PKR,18668
Negeri Sembilan,N.22 Rahang,1,Mary Josephine Prittam Singh,PKR,10018
Negeri Sembilan,N.22 Rahang,2,Yap Siok Moy,BN,3458
Negeri Sembilan,N.22 Rahang,3,Saraswathy A/P Paragazum,PAP,66
Negeri Sembilan,N.23 Mambau,1,Yap Yew Weng,PKR,14911
Negeri Sembilan,N.23 Mambau,2,Dafney Ho,BN,2522
Negeri Sembilan,N.23 Mambau,3,T. Parimala Devi,PAP,101
Negeri Sembilan,N.24 Seremban Jaya,1,P.Guna,PKR,13760
Negeri Sembilan,N.24 Seremban Jaya,2,Sagaya Rajan A/L Xavier,PAP,99
Negeri Sembilan,N.24 Seremban Jaya,3,Choong Vee Hing,BN,3253
Negeri Sembilan,N.25 Paroi,1,Masita Binti Mohamed Ali,PAS,3499
Negeri Sembilan,N.25 Paroi,2,Mohd Ghazali Bin Abd Wahid,BN,11197
Negeri Sembilan,N.25 Paroi,3,Haji Taufek,PKR,16038
Negeri Sembilan,N.26 Chembong,1,Ustaz Rosmin Adam,PAS,1288
Negeri Sembilan,N.26 Chembong,2,Zaifulbahri Bin Idris,BN,9079
Negeri Sembilan,N.26 Chembong,3,Azizan Marzuki,PKR,4652
Negeri Sembilan,N.27 Rantau,1,Tok Mat,BN,0
Negeri Sembilan,N.28 Kota,1,Haji Ishak Bin Omar,PAS,1333
Negeri Sembilan,N.28 Kota,2,Awaludin Bin Said,BN,6356
Negeri Sembilan,N.28 Kota,3,Sahrizal Masrudin,PKR,3387
Negeri Sembilan,N.29 Chuah,1,Dato Sri King Lim,BN,3460
Negeri Sembilan,N.29 Chuah,2,Michael Yek Diew Ching,PKR,6661
Negeri Sembilan,N.30 Lukut,1,Yeong Kun You,BN,3044
Negeri Sembilan,N.30 Lukut,2,Choo Ken Hwa,PKR,11449
Negeri Sembilan,N.31 Bagan Pinang,1,Tun Hairudin Bin Abu Bakar @ Don,BN,7146
Negeri Sembilan,N.31 Bagan Pinang,2,Mohd Ibrahim Khan,PKR,5211
Negeri Sembilan,N.32 Linggi,1,Dato' Hj. Abdul Rahman Mohd Redza,BN,6072
Negeri Sembilan,N.32 Linggi,2,Rizal Ishak,PAS,992
Negeri Sembilan,N.32 Linggi,3,Rusli Bin Abdullah,PKR,5449
Negeri Sembilan,N.33 Sri Tanjung,1,Thinalan T Rajagopalu,BN,3336
Negeri Sembilan,N.33 Sri Tanjung,2,M.Ravi,PKR,7366
Negeri Sembilan,N.33 Sri Tanjung,3,Haji Kamarol Ridzuan,PAS,1061
Negeri Sembilan,N.34 Gemas,1,Haji Baharuddin Arif Bin Haji Siri,PKR,5081
Negeri Sembilan,N.34 Gemas,2,Mejar Abdul Halim Bin Abu Bakar (Bersara),PAS,2612
Negeri Sembilan,N.34 Gemas,3,Abd Razak Bin Ab Said,BN,9853
Negeri Sembilan,N.35 Gemencheh,1,Ishak Bin Maasin,PAS,1122
Negeri Sembilan,N.35 Gemencheh,2,Mohd Isam Bin Mohd Isa,BN,6963
Negeri Sembilan,N.35 Gemencheh,3,Saiful Adly Bin Abd Wahab,PKR,6612
Negeri Sembilan,N.36 Repah,1,Hj.Razak,PAS,1957
Negeri Sembilan,N.36 Repah,2,Veerapan A/L Superamaniam,PKR,9568
Negeri Sembilan,N.36 Repah,3,Koh Kim Swee,BN,4810
