date,parlimen,dun,seat,ballot_order,name,party,votes
26 Apr 2025,072,07248,"PRK N.48 AYER KUNING, PERAK",1,DR. USTAZ YUSRI BAKIR,BARISAN NASIONAL OF MALAYSIA (BN),"11,065"
26 Apr 2025,072,07248,"PRK N.48 AYER KUNING, PERAK",2,USTAZ MUHAIMIN,PERIKATAN NASIONAL (PN),"6,059"
26 Apr 2025,072,07248,"PRK N.48 AYER KUNING, PERAK",3,BAWANI KS,PARTI SOSIALIS MALAYSIA (PSM),"1,106"
28 Sep 2024,152,15229,"PRK DEWAN NEGERI N.29 MAHKOTA, JOHOR",1,SYED HUSSIEN BIN SYED ABDULLAH,BARISAN NASIONAL OF MALAYSIA (BN),"27,995"
28 Sep 2024,152,15229,"PRK DEWAN NEGERI N.29 MAHKOTA, JOHOR",2,COACH HAIZAN,PERIKATAN NASIONAL (PN),"7,347"
17 Aug 2024,032,03243,"PRK DEWAN NEGERI N.43 NENGGIRI, KELANTAN",1,RIZWADI ISMAIL,PARTI ISLAM SE MALAYSIA (PAS),"5,739"
17 Aug 2024,032,03243,"PRK DEWAN NEGERI N.43 NENGGIRI, KELANTAN",2,AWIE,BARISAN NASIONAL OF MALAYSIA (BN),"9,091"
06 Jul 2024,047,04720,"PRK DEWAN UNDANGAN N.20 SUNGAI BAKAP, PULAU PINANG",1,CIKGU JOOHARI,PAKATAN HARAPAN (PH),"10,222"
06 Jul 2024,047,04720,"PRK DEWAN UNDANGAN N.20 SUNGAI BAKAP, PULAU PINANG",2,ABANG ABIDIN,PERIKATAN NASIONAL (PN),"14,489"
11 May 2024,094,09406,"PRK DEWAN NEGERI N.06 KUALA KUBU BAHARU, SELANGOR",1,KHAIRUL AZHARI,PERIKATAN NASIONAL (PN),"10,131"
11 May 2024,094,09406,"PRK DEWAN NEGERI N.06 KUALA KUBU BAHARU, SELANGOR",2,PANG SOCK TAO,PAKATAN HARAPAN (PH),"14,000"
11 May 2024,094,09406,"PRK DEWAN NEGERI N.06 KUALA KUBU BAHARU, SELANGOR",3,ERIS NYAU KE XIN,BEBAS (BEBAS),188
11 May 2024,094,09406,"PRK DEWAN NEGERI N.06 KUALA KUBU BAHARU, SELANGOR",4,HAFIZAH,PARTI RAKYAT MALAYSIA (PRM),152
02 Dec 2023,040,04000,PRK PARLIMEN P.040  KEMAMAN (2023),1,JENERAL (B) TAN SRI RAJA MOHAMED AFFANDI,BARISAN NASIONAL OF MALAYSIA (BN),"27,778"
02 Dec 2023,040,04000,PRK PARLIMEN P.040  KEMAMAN (2023),2,DR. SAM,PARTI ISLAM SE MALAYSIA (PAS),"64,998"
04 Nov 2023,217,21767,PRK DUN N.67 JEPAK (2023),1,CHIENG LEA PHING,PARTI ASPIRASI RAKYAT SARAWAK (ASPIRASI),431
04 Nov 2023,217,21767,PRK DUN N.67 JEPAK (2023),2,ISKANDAR TURKEE,GABUNGAN PARTI SARAWAK (GPS),"9,638"
04 Nov 2023,217,21767,PRK DUN N.67 JEPAK (2023),3,STEVENSON JOSEPH SUMBANG,PARTI BUMI KENYALANG (PBK),854
07 Oct 2023,089,08936,"PRK DEWAN NEGERI N.36 PELANGAI, PAHANG (2023)",1,CIKGU KASIM,PERIKATAN NASIONAL (PN),"4,375"
07 Oct 2023,089,08936,"PRK DEWAN NEGERI N.36 PELANGAI, PAHANG (2023)",2,HASLIHELMY DM BIN ZULHASLI,BEBAS (BEBAS),47
07 Oct 2023,089,08936,"PRK DEWAN NEGERI N.36 PELANGAI, PAHANG (2023)",3,DATO' AMIZAR BIN ABU ADAM,BARISAN NASIONAL OF MALAYSIA (BN),"7,324"
09 Sep 2023,161,16100,PRK PARLIMEN P.161  PULAI (2023),1,SAMSUDIN PKPKL,BEBAS (BEBAS),528
09 Sep 2023,161,16100,PRK PARLIMEN P.161  PULAI (2023),2,ZULKIFLI JAAFAR,PERIKATAN NASIONAL (PN),"29,642"
09 Sep 2023,161,16100,PRK PARLIMEN P.161  PULAI (2023),3,SUHAIZAN KAYAT,PAKATAN HARAPAN (PH),"48,283"
09 Sep 2023,145,14513,PRK DEWAN NEGERI N.13 SIMPANG JERAM (2023),1,DR. MAZRI YAHYA,PERIKATAN NASIONAL (PN),"10,330"
09 Sep 2023,145,14513,PRK DEWAN NEGERI N.13 SIMPANG JERAM (2023),2,IR. TS. HAJI NAZRI,PAKATAN HARAPAN (PH),"13,844"
09 Sep 2023,145,14513,PRK DEWAN NEGERI N.13 SIMPANG JERAM (2023),3,JEGHANAATHAN,BEBAS (BEBAS),311
12 Aug 2023,036,03600,PRK PARLIMEN P.036  KUALA TERENGGANU (2023),1,DATUK HJ AMZAD HASHIM,PARTI ISLAM SE MALAYSIA (PAS),"68,369"
12 Aug 2023,036,03600,PRK PARLIMEN P.036  KUALA TERENGGANU (2023),2,AZAN ISMAIL,PAKATAN HARAPAN (PH),"21,103"
07 Dec 2022,017,01700,PRU KE - 15 P.017  PADANG SERAI (2022),1,DATO' CIKGU AZMAN,PERIKATAN NASIONAL (PN),"51,637"
07 Dec 2022,017,01700,PRU KE - 15 P.017  PADANG SERAI (2022),2,DATO SIVARAJ CHANDRAN,BARISAN NASIONAL OF MALAYSIA (BN),"2,983"
07 Dec 2022,017,01700,PRU KE - 15 P.017  PADANG SERAI (2022),3,HAMZAH ABD RAHMAN,PARTI PEJUANG TANAHAIR (PEJUANG),424
07 Dec 2022,017,01700,PRU KE - 15 P.017  PADANG SERAI (2022),4,DR. SOFEE RAZAK,PAKATAN HARAPAN (PH),"35,377"
07 Dec 2022,017,01700,PRU KE - 15 P.017  PADANG SERAI (2022),5,ANANDA AK,BEBAS (BEBAS),846
07 Dec 2022,017,01700,PRU KE - 15 P.017  PADANG SERAI (2022),6,MOHD BAKHRI BIN HAJI HASHIM,PARTI WARISAN SABAH (WARISAN),149
07 Dec 2022,091,09142,PRU KE - 15 N.42 TIOMAN (2022),1,IDAYU HASHIM,PERIKATAN NASIONAL (PN),"7,507"
07 Dec 2022,091,09142,PRU KE - 15 N.42 TIOMAN (2022),2,CIKGU OSMAN BAKAR,PARTI PEJUANG TANAHAIR (PEJUANG),79
07 Dec 2022,091,09142,PRU KE - 15 N.42 TIOMAN (2022),3,MOHD FADZLI BIN MOHD RAMLY,PAKATAN HARAPAN (PH),784
07 Dec 2022,091,09142,PRU KE - 15 N.42 TIOMAN (2022),4,DATO' SRI HAJI MOHD JOHARI BIN HAJI HUSSAIN,BARISAN NASIONAL OF MALAYSIA (BN),"8,080"
07 Dec 2022,091,09142,PRU KE - 15 N.42 TIOMAN (2022),5,SULAIMAN BIN BAKAR,BEBAS (BEBAS),58
19 Nov 2022,186,18666,PRK N.66 BUGAYA (2022),1,MOHD HASSAN BIN ABU BAKAR,PARTI PEJUANG TANAHAIR (PEJUANG),130
19 Nov 2022,186,18666,PRK N.66 BUGAYA (2022),2,JAMIL BIN HAMZAH,PARTI WARISAN SABAH (WARISAN),"11,382"
19 Nov 2022,186,18666,PRK N.66 BUGAYA (2022),3,NAZMAHWATI BINTI WALLI,PARTI BANGSA MALAYSIA (PBM),98
19 Nov 2022,186,18666,PRK N.66 BUGAYA (2022),4,JUFAZLI BIN SHI AHMAD @TONGKO,BEBAS (BEBAS),693
19 Nov 2022,186,18666,PRK N.66 BUGAYA (2022),5,KARIL BIN PG.KURAINI,PARTI PERPADUAN RAKYAT SABAH (PPRS),150
19 Nov 2022,186,18666,PRK N.66 BUGAYA (2022),6,HJ ABD AZIZ BIN HJ MOHD IBNO,BARISAN NASIONAL OF MALAYSIA (BN),"4,753"
19 Nov 2022,186,18666,PRK N.66 BUGAYA (2022),7,ARASTAM BIN PANDOROG,PAKATAN HARAPAN (PH),562
29 Aug 2020,077,07758,"PRK DUN N.58 SLIM, PERAK (2020)",1,AMIR KHUSYAIRI,BEBAS (BEBAS),"2,115"
29 Aug 2020,077,07758,"PRK DUN N.58 SLIM, PERAK (2020)",2,ZAIDI AZIZ,BARISAN NASIONAL (BN),"13,060"
29 Aug 2020,077,07758,"PRK DUN N.58 SLIM, PERAK (2020)",3,PROFESOR SANTHARASEKARAN SUBRAMANIAM,BEBAS (BEBAS),276
04 Jul 2020,085,08523,"PRK DUN N.23 CHINI, PAHANG (2020)",1,TENGKU DATO' HISHAM,BEBAS (BEBAS),"1,222"
04 Jul 2020,085,08523,"PRK DUN N.23 CHINI, PAHANG (2020)",2,CMK SHUKRI RAMLI,BEBAS (BEBAS),137
04 Jul 2020,085,08523,"PRK DUN N.23 CHINI, PAHANG (2020)",3,MOHD SHARIM BIN MD ZAIN,BARISAN NASIONAL (BN),"13,872"
18 Jan 2020,176,17600,"PRK PARLIMEN P.176 KIMANIS, SABAH (2020)",1,MOHAMAD BIN ALAMIN,BARISAN NASIONAL (BN),"12,706"
18 Jan 2020,176,17600,"PRK PARLIMEN P.176 KIMANIS, SABAH (2020)",2,KARIM BIN BUJANG,PARTI WARISAN SABAH (WARISAN),"10,677"
16 Nov 2019,165,16500,"PRK PARLIMEN P.165 TANJUNG PIAI, JOHOR (2019)",1,WENDY SUBRAMANIAM,PARTI GERAKAN RAKYAT MALAYSIA (GERAKAN),"1,707"
16 Nov 2019,165,16500,"PRK PARLIMEN P.165 TANJUNG PIAI, JOHOR (2019)",2,WEE JECK SENG,BARISAN NASIONAL (BN),"25,466"
16 Nov 2019,165,16500,"PRK PARLIMEN P.165 TANJUNG PIAI, JOHOR (2019)",3,DR. ANG CHUAN LOCK,BEBAS (BEBAS),380
16 Nov 2019,165,16500,"PRK PARLIMEN P.165 TANJUNG PIAI, JOHOR (2019)",4,HAJI KARMAINE BIN SARDINI,PAKATAN HARAPAN (PH),"10,380"
16 Nov 2019,165,16500,"PRK PARLIMEN P.165 TANJUNG PIAI, JOHOR (2019)",5,DATO' DR BADHRULHISHAM,BARISAN JEMAAH ISLAMIAH SE MALAYSIA (BERJASA),850
16 Nov 2019,165,16500,"PRK PARLIMEN P.165 TANJUNG PIAI, JOHOR (2019)",6,FARIDAH ARYANI BINTI ABD GHAFFAR,BEBAS (BEBAS),32
11 May 2019,186,18600,"PRK PARLIMEN P.186 SANDAKAN, SABAH (2019)",1,HJ. HAMZAH HJ. ABDULLAH,BEBAS (BEBAS),788
11 May 2019,186,18600,"PRK PARLIMEN P.186 SANDAKAN, SABAH (2019)",2,SULAIMAN BIN ABDUL SAMAT,BEBAS (BEBAS),126
11 May 2019,186,18600,"PRK PARLIMEN P.186 SANDAKAN, SABAH (2019)",3,VIVIAN WONG SHIR YEE,PARTI TINDAKAN DEMOKRATIK (DAP),"16,012"
11 May 2019,186,18600,"PRK PARLIMEN P.186 SANDAKAN, SABAH (2019)",4,CHIA SIEW YUNG,BEBAS (BEBAS),178
11 May 2019,186,18600,"PRK PARLIMEN P.186 SANDAKAN, SABAH (2019)",5,LINDA TSEN THAU LIN,PARTI BERSATU SABAH (PBS),"4,491"
13 Apr 2019,131,13127,"PRK DUN N.27 RANTAU, NEGERI SEMBILAN (2019)",1,TOK MAT,BARISAN NASIONAL (BN),"10,397"
13 Apr 2019,131,13127,"PRK DUN N.27 RANTAU, NEGERI SEMBILAN (2019)",2,MALAR RAJARAM,BEBAS (BEBAS),83
13 Apr 2019,131,13127,"PRK DUN N.27 RANTAU, NEGERI SEMBILAN (2019)",3,HJ MOHD NOR,BEBAS (BEBAS),79
13 Apr 2019,131,13127,"PRK DUN N.27 RANTAU, NEGERI SEMBILAN (2019)",4,DR. STRERAM SINNASAMY,PAKATAN HARAPAN (PH),"5,887"
02 Mar 2019,101,10124,"PRK DUN N.24 SEMENYIH, SELANGOR (2019)",1,ZAKARIA BIN HAJI HANAFI,BARISAN NASIONAL (BN),"19,780"
02 Mar 2019,101,10124,"PRK DUN N.24 SEMENYIH, SELANGOR (2019)",2,AIMAN ZAINALI,PAKATAN HARAPAN (PH),"17,866"
02 Mar 2019,101,10124,"PRK DUN N.24 SEMENYIH, SELANGOR (2019)",3,UNCLE KENTANG,BEBAS (BEBAS),725
02 Mar 2019,101,10124,"PRK DUN N.24 SEMENYIH, SELANGOR (2019)",4,NIK AZIZ,PARTI SOSIALIS MALAYSIA (PSM),847
26 Jan 2019,078,07800,"PRK PARLIMEN P.078 CAMERON HIGHLANDS, PAHANG (2019)",1,CIKGU HJ. SALLEHUDIN BIN HJ. AB. TALIB,BEBAS (BEBAS),314
26 Jan 2019,078,07800,"PRK PARLIMEN P.078 CAMERON HIGHLANDS, PAHANG (2019)",2,WONG SENG YEE,BEBAS (BEBAS),276
26 Jan 2019,078,07800,"PRK PARLIMEN P.078 CAMERON HIGHLANDS, PAHANG (2019)",3,RAMLI BIN MOHD NOR,BARISAN NASIONAL (BN),"12,038"
26 Jan 2019,078,07800,"PRK PARLIMEN P.078 CAMERON HIGHLANDS, PAHANG (2019)",4,MANOGARAN,PAKATAN HARAPAN (PH),"8,800"
13 Oct 2018,132,13200,"PRK PARLIMEN P.132 PORT DICKSON, NEGERI SEMBILAN (2018)",1,ANWAR IBRAHIM,PAKATAN HARAPAN (PH),"31,016"
13 Oct 2018,132,13200,"PRK PARLIMEN P.132 PORT DICKSON, NEGERI SEMBILAN (2018)",2,LAU SECK YAN,BEBAS (BEBAS),214
13 Oct 2018,132,13200,"PRK PARLIMEN P.132 PORT DICKSON, NEGERI SEMBILAN (2018)",3,SAIFUL BUKHARI AZLAN,BEBAS (BEBAS),82
13 Oct 2018,132,13200,"PRK PARLIMEN P.132 PORT DICKSON, NEGERI SEMBILAN (2018)",4,LT KOL (B) HJ NAZARI,PARTI ISLAM SE MALAYSIA (PAS),"7,456"
13 Oct 2018,132,13200,"PRK PARLIMEN P.132 PORT DICKSON, NEGERI SEMBILAN (2018)",5,TAN SRI MOHD ISA BIN ABDUL SAMAD,BEBAS (BEBAS),"4,230"
13 Oct 2018,132,13200,"PRK PARLIMEN P.132 PORT DICKSON, NEGERI SEMBILAN (2018)",6,STEVIE CHAN,BEBAS (BEBAS),337
13 Oct 2018,132,13200,"PRK PARLIMEN P.132 PORT DICKSON, NEGERI SEMBILAN (2018)",7,KAN CHEE YUEN,BEBAS (BEBAS),154
08 Sep 2018,105,10532,"PRK DUN N.32 SERI SETIA, SELANGOR (2018)",1,HALIMEY BIN ABU BAKAR,PAKATAN HARAPAN (PH),"13,725"
08 Sep 2018,105,10532,"PRK DUN N.32 SERI SETIA, SELANGOR (2018)",2,DR HALIMAH ALI,PARTI ISLAM SE MALAYSIA (PAS),"9,698"
08 Sep 2018,102,10227,"PRK DUN N.27 BALAKONG, SELANGOR (2018)",1,TAN CHEE TEONG,MALAYSIAN CHINESE ASSOCIATION (MCA),"3,975"
08 Sep 2018,102,10227,"PRK DUN N.27 BALAKONG, SELANGOR (2018)",2,WONG SIEW KI,PAKATAN HARAPAN (PH),"22,508"
04 Aug 2018,111,11149,"PRK DUN N.49 SUNGAI KANDIS, SELANGOR (2018)",1,DATO' LOKMAN NOOR BIN ADAM,BARISAN NASIONAL (BN),"9,585"
04 Aug 2018,111,11149,"PRK DUN N.49 SUNGAI KANDIS, SELANGOR (2018)",2,K.MURTHY PJK,BEBAS (BEBAS),97
04 Aug 2018,111,11149,"PRK DUN N.49 SUNGAI KANDIS, SELANGOR (2018)",3,MOHD ZAWAWI BIN AHMAD MUGHNI,PARTI KEADILAN RAKYAT (PKR),"15,427"
18 Feb 2017,193,19303,"PRK DUN N.03 TANJONG DATU, SARAWAK (2017)",1,JAMILAH ANU,BARISAN NASIONAL (BN),"6,573"
18 Feb 2017,193,19303,"PRK DUN N.03 TANJONG DATU, SARAWAK (2017)",2,JOHNNY BOB AK APUT,PARTI REFORMASI NEGERI SARAWAK (STAR),108
18 Feb 2017,193,19303,"PRK DUN N.03 TANJONG DATU, SARAWAK (2017)",3,RAPELSON RICHARD HAMIT,PARTI BANSA DAYAK SARAWAK BARU (PBDSB),130
18 Jun 2016,067,06700,"PRK PARLIMEN P.067 KUALA KANGSAR, PERAK (2016)",1,IZAT BUKHARY,BEBAS (BEBAS),54
18 Jun 2016,067,06700,"PRK PARLIMEN P.067 KUALA KANGSAR, PERAK (2016)",2,DR. NAJIHATUSSALEHAH AHMAD,PARTI ISLAM SE MALAYSIA (PAS),"5,684"
18 Jun 2016,067,06700,"PRK PARLIMEN P.067 KUALA KANGSAR, PERAK (2016)",3,DATIN MASTURA YAZID,BARISAN NASIONAL (BN),"12,653"
18 Jun 2016,067,06700,"PRK PARLIMEN P.067 KUALA KANGSAR, PERAK (2016)",4,DR AHMAD TERMIZI RAMLI,PARTI AMANAH NEGARA (AMANAH),"4,883"
18 Jun 2016,093,09300,"PRK PARLIMEN P.093 SUNGAI BESAR, SELANGOR (2016)",1,DR. RANI,PARTI ISLAM SE MALAYSIA (PAS),"6,902"
18 Jun 2016,093,09300,"PRK PARLIMEN P.093 SUNGAI BESAR, SELANGOR (2016)",2,BUDIMAN BIN MOHD ZOHDI,BARISAN NASIONAL (BN),"16,800"
18 Jun 2016,093,09300,"PRK PARLIMEN P.093 SUNGAI BESAR, SELANGOR (2016)",3,USTAZ AZHAR,PARTI AMANAH NEGARA (AMANAH),"7,609"
07 May 2015,044,04400,"PRK PARLIMEN P.044 PERMATANG PAUH, PULAU PINANG (2015)",1,SUHAIMI BIN SABUDIN,BARISAN NASIONAL (BN),"21,475"
07 May 2015,044,04400,"PRK PARLIMEN P.044 PERMATANG PAUH, PULAU PINANG (2015)",2,SALLEH BIN ISAHAK,BEBAS (BEBAS),367
07 May 2015,044,04400,"PRK PARLIMEN P.044 PERMATANG PAUH, PULAU PINANG (2015)",3,DR WAN AZIZAH WAN ISMAIL,PARTI KEADILAN RAKYAT (PKR),"30,316"
07 May 2015,044,04400,"PRK PARLIMEN P.044 PERMATANG PAUH, PULAU PINANG (2015)",4,AZMAN SHAH,PARTI RAKYAT MALAYSIA (PRM),101
05 May 2015,091,09100,"PRK PARLIMEN P.091 ROMPIN, PAHANG (2015)",1,USTAZ NAZRI BIN HAJI AHMAD,PARTI ISLAM SE MALAYSIA (PAS),"14,901"
05 May 2015,091,09100,"PRK PARLIMEN P.091 ROMPIN, PAHANG (2015)",2,DATO' HASAN BIN ARIFIN,BARISAN NASIONAL (BN),"23,796"
22 Mar 2015,020,02006,"PRK DUN N.06 CHEMPAKA, KELANTAN (2015)",1,KAK LAH,BEBAS (BEBAS),89
22 Mar 2015,020,02006,"PRK DUN N.06 CHEMPAKA, KELANTAN (2015)",2,USTAZ FATHAN,PARTI ISLAM SE MALAYSIA (PAS),"10,899"
22 Mar 2015,020,02006,"PRK DUN N.06 CHEMPAKA, KELANTAN (2015)",3,IZAT BUKHARY,BEBAS (BEBAS),51
22 Mar 2015,020,02006,"PRK DUN N.06 CHEMPAKA, KELANTAN (2015)",4,ASLAH BIN MAMAT,BEBAS (BEBAS),27
22 Mar 2015,020,02006,"PRK DUN N.06 CHEMPAKA, KELANTAN (2015)",5,HJ. SHARIF,BEBAS (BEBAS),807
25 Sep 2014,019,01901,"PRK DUN N.01 PENGKALAN KUBOR, KELANTAN (2014)",1,IZAT BUKHARY,BEBAS (BEBAS),38
25 Sep 2014,019,01901,"PRK DUN N.01 PENGKALAN KUBOR, KELANTAN (2014)",2,WAN ROSDI,PARTI ISLAM SE MALAYSIA (PAS),"7,326"
25 Sep 2014,019,01901,"PRK DUN N.01 PENGKALAN KUBOR, KELANTAN (2014)",3,USTAZ MAT RAZI,BARISAN NASIONAL (BN),"9,961"
31 May 2014,076,07600,"PRK PARLIMEN P.076 TELOK INTAN, PERAK (2014)",1,MAH SIEW KEONG,BARISAN NASIONAL (BN),"20,157"
31 May 2014,076,07600,"PRK PARLIMEN P.076 TELOK INTAN, PERAK (2014)",2,DYANA SOFYA BINTI MOHD DAUD,PARTI TINDAKAN DEMOKRATIK (DAP),"19,919"
25 May 2014,051,05100,"PRK PARLIMEN P.051 BUKIT GELUGOR, PULAU PINANG (2014)",1,HUAN CHENG GUAN,PARTI CINTA MALAYSIA (PCM),"3,583"
25 May 2014,051,05100,"PRK PARLIMEN P.051 BUKIT GELUGOR, PULAU PINANG (2014)",2,MOHAMED NABI,BEBAS (BEBAS),799
25 May 2014,051,05100,"PRK PARLIMEN P.051 BUKIT GELUGOR, PULAU PINANG (2014)",3,RAMKARPAL SINGH,PARTI TINDAKAN DEMOKRATIK (DAP),"41,242"
25 May 2014,051,05100,"PRK PARLIMEN P.051 BUKIT GELUGOR, PULAU PINANG (2014)",4,ABU BACKER SIDEK,BEBAS (BEBAS),225
29 Mar 2014,213,21358,"PRK DUN N.51 BALINGIAN, SARAWAK (2014)",1,YUSSIBNOSH BALO,BARISAN NASIONAL (BN),"8,194"
29 Mar 2014,213,21358,"PRK DUN N.51 BALINGIAN, SARAWAK (2014)",2,ABDUL JALIL BIN BUJANG,PARTI KEADILAN RAKYAT (PKR),"1,283"
23 Mar 2014,102,10225,"PRK DUN N.25 KAJANG, SELANGOR (2014)",1,CHEW MEI FUN,BARISAN NASIONAL (BN),"11,362"
23 Mar 2014,102,10225,"PRK DUN N.25 KAJANG, SELANGOR (2014)",2,WAN AZIZAH WAN ISMAIL,PARTI KEADILAN RAKYAT (PKR),"16,741"
04 Nov 2013,012,01220,"PRK DUN N.20 SUNGAI LIMAU, KEDAH (2013)",1,DR HAJI SOHAIMI LAZIM,BARISAN NASIONAL (BN),"10,985"
04 Nov 2013,012,01220,"PRK DUN N.20 SUNGAI LIMAU, KEDAH (2013)",2,USTAZ MOHD AZAM BIN ABD SAMAT,PARTI ISLAM SE MALAYSIA (PAS),"12,069"
24 Jul 2013,033,03301,"PRK DUN N.01 KUALA BESUT, TERENGGANU (2013)",1,TENGKU ZAIHAN BIN CHE KU ABD RAHMAN,BARISAN NASIONAL (BN),"8,288"
24 Jul 2013,033,03301,"PRK DUN N.01 KUALA BESUT, TERENGGANU (2013)",2,ENDOT @AZLAN BIN YUSOF,PARTI ISLAM SE MALAYSIA (PAS),"5,696"
06 Mar 2011,087,08728,"PRK DUN N.28 KERDAU, PAHANG (2011)",1,SYED IBRAHIM,BARISAN NASIONAL (BN),"5,060"
06 Mar 2011,087,08728,"PRK DUN N.28 KERDAU, PAHANG (2011)",2,HASSANUDDIN BIN SALIM,PARTI ISLAM SE MALAYSIA (PAS),"2,336"
06 Mar 2011,139,13927,"PRK DUN N.27 MERLIMAU, MELAKA (2011)",1,ROSLAN BIN AHMAD,BARISAN NASIONAL (BN),"5,962"
06 Mar 2011,139,13927,"PRK DUN N.27 MERLIMAU, MELAKA (2011)",2,HAJI YUHAIZAD BIN ABDULLAH,PARTI ISLAM SE MALAYSIA (PAS),"2,319"
30 Jan 2011,142,14205,"PRK DUN N.05 TENANG, JOHOR (2011)",1,CIKGU MALA,PARTI ISLAM SE MALAYSIA (PAS),"2,992"
30 Jan 2011,142,14205,"PRK DUN N.05 TENANG, JOHOR (2011)",2,MOHD AZAHAR BIN IBRAHIM,BARISAN NASIONAL (BN),"6,699"
04 Nov 2010,032,03245,"PRK DUN N.45 GALAS, KELANTAN (2010)",1,AB AZIZ BIN YUSOFF,BARISAN NASIONAL (BN),"5,324"
04 Nov 2010,032,03245,"PRK DUN N.45 GALAS, KELANTAN (2010)",2,DR. ZUL,PARTI ISLAM SE MALAYSIA (PAS),"4,134"
04 Nov 2010,185,18500,"PRK PARLIMEN P.185 BATU SAPI, SABAH (2010)",1,HAJI ANSARI BIN ABDULLAH,PARTI KEADILAN RAKYAT (PKR),"3,414"
04 Nov 2010,185,18500,"PRK PARLIMEN P.185 BATU SAPI, SABAH (2010)",2,YONG TECK LEE,PARTI MAJU SABAH (SAPP),"2,031"
04 Nov 2010,185,18500,"PRK PARLIMEN P.185 BATU SAPI, SABAH (2010)",3,TSEN THAU LIN,BARISAN NASIONAL (BN),"9,773"
16 May 2010,212,21200,"PRK PARLIMEN P.212 SIBU, SARAWAK (2010)",1,ROBERT LAU HUI YEW,BARISAN NASIONAL (BN),"18,447"
16 May 2010,212,21200,"PRK PARLIMEN P.212 SIBU, SARAWAK (2010)",2,NARAWI BIN HARON ,BEBAS (BEBAS),232
16 May 2010,212,21200,"PRK PARLIMEN P.212 SIBU, SARAWAK (2010)",3,WONG HO LENG,PARTI TINDAKAN DEMOKRATIK (DAP),"18,845"
25 Apr 2010,094,09400,"PRK PARLIMEN P.094 HULU SELANGOR, SELANGOR (2010)",1,P.KAMALANATHAN,BARISAN NASIONAL (BN),"24,997"
25 Apr 2010,094,09400,"PRK PARLIMEN P.094 HULU SELANGOR, SELANGOR (2010)",2,DATUK ZAID IBRAHIM,PARTI KEADILAN RAKYAT (PKR),"23,272"
11 Oct 2009,132,00031,"PRK DUN N.31 BAGAN PINANG, NEGERI SEMBILAN (2009)",1,MOHD ISA BIN ABDUL SAMAD ,BARISAN NASIONAL (BN),"8,013"
11 Oct 2009,132,00031,"PRK DUN N.31 BAGAN PINANG, NEGERI SEMBILAN (2009)",2,ZULKEFLY MOHAMAD BIN OMAR,PARTI ISLAM SE MALAYSIA (PAS),"2,578"
25 Aug 2009,044,04411,"PRK DUN N.11 PERMATANG PASIR, PULAU PINANG (2009)",1,MOHD SALLEH BIN MAN,PARTI ISLAM SE MALAYSIA (PAS),"9,618"
25 Aug 2009,044,04411,"PRK DUN N.11 PERMATANG PASIR, PULAU PINANG (2009)",2,ROHAIZAT BIN OTHMAN,BARISAN NASIONAL (BN),"5,067"
14 Jul 2009,031,03141,"PRK DUN N.41 MANEK URAI, KELANTAN (2009)",1,MOHD FAUZI BIN ABDULLAH,PARTI ISLAM SE MALAYSIA (PAS),"5,348"
14 Jul 2009,031,03141,"PRK DUN N.41 MANEK URAI, KELANTAN (2009)",2,TUAN AZIZ BIN TUAN HAMAT@TUAN MAT,BARISAN NASIONAL (BN),"5,283"
31 May 2009,044,04412,"PRK DUN N.12 PENANTI, PULAU PINANG (2009)",1,MANSOR BIN OTHMAN,PARTI KEADILAN RAKYAT (PKR),"6,052"
31 May 2009,044,04412,"PRK DUN N.12 PENANTI, PULAU PINANG (2009)",2,KAK MIN,BEBAS (BEBAS),392
31 May 2009,044,04412,"PRK DUN N.12 PENANTI, PULAU PINANG (2009)",3,NAI KHAN ARI,BEBAS (BEBAS),494
31 May 2009,044,04412,"PRK DUN N.12 PENANTI, PULAU PINANG (2009)",4,PADUKA RAMIZU,BEBAS (BEBAS),56
07 Apr 2009,203,20329,"PRK DUN N.29 BATANG AIR, SARAWAK (2009)",1,JAWAH ANAK GERANG,PARTI KEADILAN RAKYAT (PKR),"2,053"
07 Apr 2009,203,20329,"PRK DUN N.29 BATANG AIR, SARAWAK (2009)",2,MALCOM MUSSEN LAMOH ,BARISAN NASIONAL (BN),"3,907"
07 Apr 2009,014,01425,"PRK DUN N.25 BUKIT SELAMBAU, KEDAH (2009)",1,R. LOGANATHAN,BEBAS (BEBAS),31
07 Apr 2009,014,01425,"PRK DUN N.25 BUKIT SELAMBAU, KEDAH (2009)",2,TAN HOCK HUAT,BEBAS (BEBAS),78
07 Apr 2009,014,01425,"PRK DUN N.25 BUKIT SELAMBAU, KEDAH (2009)",3,RADZI,BEBAS (BEBAS),25
07 Apr 2009,014,01425,"PRK DUN N.25 BUKIT SELAMBAU, KEDAH (2009)",4,S. MANIKUMAR,PARTI KEADILAN RAKYAT (PKR),"12,632"
07 Apr 2009,014,01425,"PRK DUN N.25 BUKIT SELAMBAU, KEDAH (2009)",5,MOHD FAZIL,BEBAS (BEBAS),83
07 Apr 2009,014,01425,"PRK DUN N.25 BUKIT SELAMBAU, KEDAH (2009)",6,ABDUL RAHIM BIN ABU,BEBAS (BEBAS),60
07 Apr 2009,014,01425,"PRK DUN N.25 BUKIT SELAMBAU, KEDAH (2009)",7,SARALA,BEBAS (BEBAS),49
07 Apr 2009,014,01425,"PRK DUN N.25 BUKIT SELAMBAU, KEDAH (2009)",8,DATO' S. GANESAN,BARISAN NASIONAL (BN),"10,229"
07 Apr 2009,014,01425,"PRK DUN N.25 BUKIT SELAMBAU, KEDAH (2009)",9,A.J. GOPAL ,BEBAS (BEBAS),35
07 Apr 2009,014,01425,"PRK DUN N.25 BUKIT SELAMBAU, KEDAH (2009)",10,S. MOGAN,BEBAS (BEBAS),46
07 Apr 2009,014,01425,"PRK DUN N.25 BUKIT SELAMBAU, KEDAH (2009)",11,KHAMIS BIN AWANG,BEBAS (BEBAS),29
07 Apr 2009,014,01425,"PRK DUN N.25 BUKIT SELAMBAU, KEDAH (2009)",12,HUSAINI YAACOB,BEBAS (BEBAS),257
07 Apr 2009,014,01425,"PRK DUN N.25 BUKIT SELAMBAU, KEDAH (2009)",13,VINSEN,BEBAS (BEBAS),32
07 Apr 2009,014,01425,"PRK DUN N.25 BUKIT SELAMBAU, KEDAH (2009)",14,MEJAR HJ. ANUAR BIN ABDUL HAMID,BEBAS (BEBAS),528
07 Apr 2009,014,01425,"PRK DUN N.25 BUKIT SELAMBAU, KEDAH (2009)",15,T CHANDRARAJAN,BEBAS (BEBAS),73
07 Apr 2009,059,05900,"PRK PARLIMEN P.059 BUKIT GANTANG, PERAK (2009)",1,ISMAIL SAFFIAN,BARISAN NASIONAL (BN),"19,071"
07 Apr 2009,059,05900,"PRK PARLIMEN P.059 BUKIT GANTANG, PERAK (2009)",2,IR. HJ. MOHAMMAD NIZAR JAMALUDDIN,PARTI ISLAM SE MALAYSIA (PAS),"21,860"
07 Apr 2009,059,05900,"PRK PARLIMEN P.059 BUKIT GANTANG, PERAK (2009)",3,KAMARUL RAMIZU,BEBAS (BEBAS),62
17 Jan 2009,036,03600,"PRK PARLIMEN P.036 KUALA TERENGGANU, TERENGGANU (2009)",1,DATO' WAN AHMAD FARID,BARISAN NASIONAL (BN),"30,252"
17 Jan 2009,036,03600,"PRK PARLIMEN P.036 KUALA TERENGGANU, TERENGGANU (2009)",2,HAJI MOHD ABDUL WAHID BIN ENDUT,PARTI ISLAM SE MALAYSIA (PAS),"32,883"
17 Jan 2009,036,03600,"PRK PARLIMEN P.036 KUALA TERENGGANU, TERENGGANU (2009)",3,AZHARUDIN,BEBAS (BEBAS),193
26 Aug 2008,044,04400,"PRK PARLIMEN P.044 PERMATANG PAUH, PULAU PINANG (2008)",1,HAJI PI,PARTI ANGKATAN KEADILAN INSAN MALAYSIA (AKIM),92
26 Aug 2008,044,04400,"PRK PARLIMEN P.044 PERMATANG PAUH, PULAU PINANG (2008)",2,ANWAR IBRAHIM,PARTI KEADILAN RAKYAT (PKR),"31,195"
26 Aug 2008,044,04400,"PRK PARLIMEN P.044 PERMATANG PAUH, PULAU PINANG (2008)",3,DATUK ARIF SHAH BIN OMAR SHAH,BARISAN NASIONAL (BN),"15,524"
